{
  "file": "11---A-45-Year-Old-Male-Security-Guard-from-Malawi-_2022_Clinical-Cases-in-T.md",
  "n_chunks": 3,
  "text_embedding": "Processed_embeddings/embeddings/11---A-45-Year-Old-Male-Security-Guard-from-Malawi-_2022_Clinical-Cases-in-T_text.npy",
  "image_embedding": "Processed_embeddings/embeddings/11---A-45-Year-Old-Male-Security-Guard-from-Malawi-_2022_Clinical-Cases-in-T_images.npy",
  "chunks": [
    {
      "id": 0,
      "text": "## images![ figure ](../ images / 1 1 --- a - 4 5 - year - old - male - security - guard - from - malawi -_ 2 0 2 2 _ clinical - cases - in - t / 1 1 --- a - 4 5 - year - old - male - security - guard - from - malawi -_ 2 0 2 2 _ clinical -",
      "start_token": 0,
      "end_token": 77
    },
    {
      "id": 1,
      "text": "malawi -_ 2 0 2 2 _ clinical - cases - in - t _ p 1 _ img 1. jpeg )![ figure ](../ images / 1 1 --- a - 4 5 - year - old - male - security - guard - from - malawi -_ 2 0 2 2 _ clinical - cases - in - t / 1 1 --- a - 4 5",
      "start_token": 67,
      "end_token": 144
    },
    {
      "id": 2,
      "text": "- t / 1 1 --- a - 4 5 - year - old - male - security - guard - from - malawi -_ 2 0 2 2 _ clinical - cases - in - t _ p 3 _ img 1. jpeg )",
      "start_token": 134,
      "end_token": 182
    }
  ],
  "images": [
    "Processed/images/11---A-45-Year-Old-Male-Security-Guard-from-Malawi-_2022_Clinical-Cases-in-T/11---A-45-Year-Old-Male-Security-Guard-from-Malawi-_2022_Clinical-Cases-in-T_p1_img1.jpeg",
    "Processed/images/11---A-45-Year-Old-Male-Security-Guard-from-Malawi-_2022_Clinical-Cases-in-T/11---A-45-Year-Old-Male-Security-Guard-from-Malawi-_2022_Clinical-Cases-in-T_p3_img1.jpeg"
  ]
}