{
  "file": "12---A-29-Year-Old-Man-from-The-Gambia-With-G_2022_Clinical-Cases-in-Tropica.md",
  "n_chunks": 3,
  "text_embedding": "Processed_embeddings/embeddings/12---A-29-Year-Old-Man-from-The-Gambia-With-G_2022_Clinical-Cases-in-Tropica_text.npy",
  "image_embedding": "Processed_embeddings/embeddings/12---A-29-Year-Old-Man-from-The-Gambia-With-G_2022_Clinical-Cases-in-Tropica_images.npy",
  "chunks": [
    {
      "id": 0,
      "text": "## images![ figure ](../ images / 1 2 --- a - 2 9 - year - old - man - from - the - gambia - with - g _ 2 0 2 2 _ clinical - cases - in - tropica / 1 2 --- a - 2 9 - year - old - man - from - the - gambia - with - g _ 2 0 2 2",
      "start_token": 0,
      "end_token": 77
    },
    {
      "id": 1,
      "text": "gambia - with - g _ 2 0 2 2 _ clinical - cases - in - tropica _ p 1 _ img 1. jpeg )![ figure ](../ images / 1 2 --- a - 2 9 - year - old - man - from - the - gambia - with - g _ 2 0 2 2 _ clinical - cases - in - tropica / 1",
      "start_token": 67,
      "end_token": 144
    },
    {
      "id": 2,
      "text": "clinical - cases - in - tropica / 1 2 --- a - 2 9 - year - old - man - from - the - gambia - with - g _ 2 0 2 2 _ clinical - cases - in - tropica _ p 2 _ img 1. jpeg )",
      "start_token": 134,
      "end_token": 190
    }
  ],
  "images": [
    "Processed/images/12---A-29-Year-Old-Man-from-The-Gambia-With-G_2022_Clinical-Cases-in-Tropica/12---A-29-Year-Old-Man-from-The-Gambia-With-G_2022_Clinical-Cases-in-Tropica_p1_img1.jpeg",
    "Processed/images/12---A-29-Year-Old-Man-from-The-Gambia-With-G_2022_Clinical-Cases-in-Tropica/12---A-29-Year-Old-Man-from-The-Gambia-With-G_2022_Clinical-Cases-in-Tropica_p2_img1.jpeg"
  ]
}