{
  "file": "14---A-22-Year-Old-Woman-from-Bangladesh-With-P_2022_Clinical-Cases-in-Tropi.md",
  "n_chunks": 2,
  "text_embedding": "Processed_embeddings/embeddings/14---A-22-Year-Old-Woman-from-Bangladesh-With-P_2022_Clinical-Cases-in-Tropi_text.npy",
  "image_embedding": "Processed_embeddings/embeddings/14---A-22-Year-Old-Woman-from-Bangladesh-With-P_2022_Clinical-Cases-in-Tropi_images.npy",
  "chunks": [
    {
      "id": 0,
      "text": "## images![ figure ](../ images / 1 4 --- a - 2 2 - year - old - woman - from - bangladesh - with - p _ 2 0 2 2 _ clinical - cases - in - tropi / 1 4 --- a - 2 2 - year - old - woman - from - bangladesh - with - p _ 2 0 2 2 _ clinical - cases",
      "start_token": 0,
      "end_token": 77
    },
    {
      "id": 1,
      "text": "p _ 2 0 2 2 _ clinical - cases - in - tropi _ p 1 _ img 1. jpeg )",
      "start_token": 67,
      "end_token": 92
    }
  ],
  "images": [
    "Processed/images/14---A-22-Year-Old-Woman-from-Bangladesh-With-P_2022_Clinical-Cases-in-Tropi/14---A-22-Year-Old-Woman-from-Bangladesh-With-P_2022_Clinical-Cases-in-Tropi_p1_img1.jpeg"
  ]
}