{
  "file": "15---A-3-Year-Old-Boy-from-Laos-With-Right-Sup_2022_Clinical-Cases-in-Tropic.md",
  "n_chunks": 2,
  "text_embedding": "Processed_embeddings/embeddings/15---A-3-Year-Old-Boy-from-Laos-With-Right-Sup_2022_Clinical-Cases-in-Tropic_text.npy",
  "image_embedding": "Processed_embeddings/embeddings/15---A-3-Year-Old-Boy-from-Laos-With-Right-Sup_2022_Clinical-Cases-in-Tropic_images.npy",
  "chunks": [
    {
      "id": 0,
      "text": "## images![ figure ](../ images / 1 5 --- a - 3 - year - old - boy - from - laos - with - right - sup _ 2 0 2 2 _ clinical - cases - in - tropic / 1 5 --- a - 3 - year - old - boy - from - laos - with - right - sup _ 2 0 2 2 _ clinical -",
      "start_token": 0,
      "end_token": 77
    },
    {
      "id": 1,
      "text": "- sup _ 2 0 2 2 _ clinical - cases - in - tropic _ p 1 _ img 1. jpeg )",
      "start_token": 67,
      "end_token": 92
    }
  ],
  "images": [
    "Processed/images/15---A-3-Year-Old-Boy-from-Laos-With-Right-Sup_2022_Clinical-Cases-in-Tropic/15---A-3-Year-Old-Boy-from-Laos-With-Right-Sup_2022_Clinical-Cases-in-Tropic_p1_img1.jpeg"
  ]
}