{
  "file": "17---A-34-Year-Old-Man-from-Thailand-With-Feve_2022_Clinical-Cases-in-Tropic.md",
  "n_chunks": 3,
  "text_embedding": "Processed_embeddings/embeddings/17---A-34-Year-Old-Man-from-Thailand-With-Feve_2022_Clinical-Cases-in-Tropic_text.npy",
  "image_embedding": "Processed_embeddings/embeddings/17---A-34-Year-Old-Man-from-Thailand-With-Feve_2022_Clinical-Cases-in-Tropic_images.npy",
  "chunks": [
    {
      "id": 0,
      "text": "## images![ figure ](../ images / 1 7 --- a - 3 4 - year - old - man - from - thailand - with - feve _ 2 0 2 2 _ clinical - cases - in - tropic / 1 7 --- a - 3 4 - year - old - man - from - thailand - with - feve _ 2 0 2 2 _ clinical -",
      "start_token": 0,
      "end_token": 77
    },
    {
      "id": 1,
      "text": "feve _ 2 0 2 2 _ clinical - cases - in - tropic _ p 1 _ img 1. jpeg )![ figure ](../ images / 1 7 --- a - 3 4 - year - old - man - from - thailand - with - feve _ 2 0 2 2 _ clinical - cases - in - tropic / 1 7 --- a - 3 4",
      "start_token": 67,
      "end_token": 144
    },
    {
      "id": 2,
      "text": "- tropic / 1 7 --- a - 3 4 - year - old - man - from - thailand - with - feve _ 2 0 2 2 _ clinical - cases - in - tropic _ p 2 _ img 1. jpeg )",
      "start_token": 134,
      "end_token": 182
    }
  ],
  "images": [
    "Processed/images/17---A-34-Year-Old-Man-from-Thailand-With-Feve_2022_Clinical-Cases-in-Tropic/17---A-34-Year-Old-Man-from-Thailand-With-Feve_2022_Clinical-Cases-in-Tropic_p1_img1.jpeg",
    "Processed/images/17---A-34-Year-Old-Man-from-Thailand-With-Feve_2022_Clinical-Cases-in-Tropic/17---A-34-Year-Old-Man-from-Thailand-With-Feve_2022_Clinical-Cases-in-Tropic_p2_img1.jpeg"
  ]
}