{
  "file": "19---A-40-Year-Old-Man-from-Togo-With-Subcutaneou_2022_Clinical-Cases-in-Tro.md",
  "n_chunks": 3,
  "text_embedding": "Processed_embeddings/embeddings/19---A-40-Year-Old-Man-from-Togo-With-Subcutaneou_2022_Clinical-Cases-in-Tro_text.npy",
  "image_embedding": "Processed_embeddings/embeddings/19---A-40-Year-Old-Man-from-Togo-With-Subcutaneou_2022_Clinical-Cases-in-Tro_images.npy",
  "chunks": [
    {
      "id": 0,
      "text": "## images![ figure ](../ images / 1 9 --- a - 4 0 - year - old - man - from - togo - with - subcutaneou _ 2 0 2 2 _ clinical - cases - in - tro / 1 9 --- a - 4 0 - year - old - man - from - togo - with - subcutaneou _ 2 0 2",
      "start_token": 0,
      "end_token": 77
    },
    {
      "id": 1,
      "text": "with - subcutaneou _ 2 0 2 2 _ clinical - cases - in - tro _ p 1 _ img 1. jpeg )![ figure ](../ images / 1 9 --- a - 4 0 - year - old - man - from - togo - with - subcutaneou _ 2 0 2 2 _ clinical - cases - in - tro / 1",
      "start_token": 67,
      "end_token": 144
    },
    {
      "id": 2,
      "text": "_ clinical - cases - in - tro / 1 9 --- a - 4 0 - year - old - man - from - togo - with - subcutaneou _ 2 0 2 2 _ clinical - cases - in - tro _ p 1 _ img 2. jpeg )",
      "start_token": 134,
      "end_token": 190
    }
  ],
  "images": [
    "Processed/images/19---A-40-Year-Old-Man-from-Togo-With-Subcutaneou_2022_Clinical-Cases-in-Tro/19---A-40-Year-Old-Man-from-Togo-With-Subcutaneou_2022_Clinical-Cases-in-Tro_p1_img1.jpeg",
    "Processed/images/19---A-40-Year-Old-Man-from-Togo-With-Subcutaneou_2022_Clinical-Cases-in-Tro/19---A-40-Year-Old-Man-from-Togo-With-Subcutaneou_2022_Clinical-Cases-in-Tro_p1_img2.jpeg"
  ]
}