{
  "file": "2---A-7-Year-Old-Girl-from-Peru-With-a-Chron_2022_Clinical-Cases-in-Tropical.md",
  "n_chunks": 4,
  "text_embedding": "Processed_embeddings/embeddings/2---A-7-Year-Old-Girl-from-Peru-With-a-Chron_2022_Clinical-Cases-in-Tropical_text.npy",
  "image_embedding": "Processed_embeddings/embeddings/2---A-7-Year-Old-Girl-from-Peru-With-a-Chron_2022_Clinical-Cases-in-Tropical_images.npy",
  "chunks": [
    {
      "id": 0,
      "text": "## images![ figure ](../ images / 2 --- a - 7 - year - old - girl - from - peru - with - a - chron _ 2 0 2 2 _ clinical - cases - in - tropical / 2 --- a - 7 - year - old - girl - from - peru - with - a - chron _ 2 0 2 2 _ clinical - cases -",
      "start_token": 0,
      "end_token": 77
    },
    {
      "id": 1,
      "text": "_ 2 0 2 2 _ clinical - cases - in - tropical _ p 1 _ img 1. jpeg )![ figure ](../ images / 2 --- a - 7 - year - old - girl - from - peru - with - a - chron _ 2 0 2 2 _ clinical - cases - in - tropical / 2 --- a - 7 - year - old -",
      "start_token": 67,
      "end_token": 144
    },
    {
      "id": 2,
      "text": "2 --- a - 7 - year - old - girl - from - peru - with - a - chron _ 2 0 2 2 _ clinical - cases - in - tropical _ p 2 _ img 1. jpeg )![ figure ](../ images / 2 --- a - 7 - year - old - girl - from - peru - with - a - chron _ 2 0",
      "start_token": 134,
      "end_token": 211
    },
    {
      "id": 3,
      "text": "peru - with - a - chron _ 2 0 2 2 _ clinical - cases - in - tropical / 2 --- a - 7 - year - old - girl - from - peru - with - a - chron _ 2 0 2 2 _ clinical - cases - in - tropical _ p 2 _ img 2. jpeg )",
      "start_token": 201,
      "end_token": 266
    }
  ],
  "images": [
    "Processed/images/2---A-7-Year-Old-Girl-from-Peru-With-a-Chron_2022_Clinical-Cases-in-Tropical/2---A-7-Year-Old-Girl-from-Peru-With-a-Chron_2022_Clinical-Cases-in-Tropical_p1_img1.jpeg",
    "Processed/images/2---A-7-Year-Old-Girl-from-Peru-With-a-Chron_2022_Clinical-Cases-in-Tropical/2---A-7-Year-Old-Girl-from-Peru-With-a-Chron_2022_Clinical-Cases-in-Tropical_p2_img1.jpeg",
    "Processed/images/2---A-7-Year-Old-Girl-from-Peru-With-a-Chron_2022_Clinical-Cases-in-Tropical/2---A-7-Year-Old-Girl-from-Peru-With-a-Chron_2022_Clinical-Cases-in-Tropical_p2_img2.jpeg"
  ]
}