{
  "file": "20---A-43-Year-Old-Male-Traveller-Returning-from-M_2022_Clinical-Cases-in-Tr.md",
  "n_chunks": 3,
  "text_embedding": "Processed_embeddings/embeddings/20---A-43-Year-Old-Male-Traveller-Returning-from-M_2022_Clinical-Cases-in-Tr_text.npy",
  "image_embedding": "Processed_embeddings/embeddings/20---A-43-Year-Old-Male-Traveller-Returning-from-M_2022_Clinical-Cases-in-Tr_images.npy",
  "chunks": [
    {
      "id": 0,
      "text": "## images![ figure ](../ images / 2 0 --- a - 4 3 - year - old - male - traveller - returning - from - m _ 2 0 2 2 _ clinical - cases - in - tr / 2 0 --- a - 4 3 - year - old - male - traveller - returning - from - m _ 2 0 2 2 _ clinical - cases -",
      "start_token": 0,
      "end_token": 77
    },
    {
      "id": 1,
      "text": "_ 2 0 2 2 _ clinical - cases - in - tr _ p 1 _ img 1. jpeg )![ figure ](../ images / 2 0 --- a - 4 3 - year - old - male - traveller - returning - from - m _ 2 0 2 2 _ clinical - cases - in - tr / 2 0 --- a - 4 3 - year -",
      "start_token": 67,
      "end_token": 144
    },
    {
      "id": 2,
      "text": "2 0 --- a - 4 3 - year - old - male - traveller - returning - from - m _ 2 0 2 2 _ clinical - cases - in - tr _ p 2 _ img 1. jpeg )",
      "start_token": 134,
      "end_token": 178
    }
  ],
  "images": [
    "Processed/images/20---A-43-Year-Old-Male-Traveller-Returning-from-M_2022_Clinical-Cases-in-Tr/20---A-43-Year-Old-Male-Traveller-Returning-from-M_2022_Clinical-Cases-in-Tr_p1_img1.jpeg",
    "Processed/images/20---A-43-Year-Old-Male-Traveller-Returning-from-M_2022_Clinical-Cases-in-Tr/20---A-43-Year-Old-Male-Traveller-Returning-from-M_2022_Clinical-Cases-in-Tr_p2_img1.jpeg"
  ]
}