{
  "file": "23---A-31-Year-Old-HIV-Positive-Business-Traveller-W_2022_Clinical-Cases-in-.md",
  "n_chunks": 3,
  "text_embedding": "Processed_embeddings/embeddings/23---A-31-Year-Old-HIV-Positive-Business-Traveller-W_2022_Clinical-Cases-in-_text.npy",
  "image_embedding": "Processed_embeddings/embeddings/23---A-31-Year-Old-HIV-Positive-Business-Traveller-W_2022_Clinical-Cases-in-_images.npy",
  "chunks": [
    {
      "id": 0,
      "text": "## images![ figure ](../ images / 2 3 --- a - 3 1 - year - old - hiv - positive - business - traveller - w _ 2 0 2 2 _ clinical - cases - in -/ 2 3 --- a - 3 1 - year - old - hiv - positive - business - traveller - w _ 2 0 2 2 _ clinical - cases - in",
      "start_token": 0,
      "end_token": 77
    },
    {
      "id": 1,
      "text": "2 0 2 2 _ clinical - cases - in -_ p 1 _ img 1. jpeg )![ figure ](../ images / 2 3 --- a - 3 1 - year - old - hiv - positive - business - traveller - w _ 2 0 2 2 _ clinical - cases - in -/ 2 3 --- a - 3 1 - year - old - hiv",
      "start_token": 67,
      "end_token": 144
    },
    {
      "id": 2,
      "text": "a - 3 1 - year - old - hiv - positive - business - traveller - w _ 2 0 2 2 _ clinical - cases - in -_ p 3 _ img 1. jpeg )",
      "start_token": 134,
      "end_token": 174
    }
  ],
  "images": [
    "Processed/images/23---A-31-Year-Old-HIV-Positive-Business-Traveller-W_2022_Clinical-Cases-in-/23---A-31-Year-Old-HIV-Positive-Business-Traveller-W_2022_Clinical-Cases-in-_p1_img1.jpeg",
    "Processed/images/23---A-31-Year-Old-HIV-Positive-Business-Traveller-W_2022_Clinical-Cases-in-/23---A-31-Year-Old-HIV-Positive-Business-Traveller-W_2022_Clinical-Cases-in-_p3_img1.jpeg"
  ]
}