{
  "file": "26---A-14-Year-Old-Boy-from-Malawi-Who-Has-Bee_2022_Clinical-Cases-in-Tropic.md",
  "n_chunks": 3,
  "text_embedding": "Processed_embeddings/embeddings/26---A-14-Year-Old-Boy-from-Malawi-Who-Has-Bee_2022_Clinical-Cases-in-Tropic_text.npy",
  "image_embedding": "Processed_embeddings/embeddings/26---A-14-Year-Old-Boy-from-Malawi-Who-Has-Bee_2022_Clinical-Cases-in-Tropic_images.npy",
  "chunks": [
    {
      "id": 0,
      "text": "## images![ figure ](../ images / 2 6 --- a - 1 4 - year - old - boy - from - malawi - who - has - bee _ 2 0 2 2 _ clinical - cases - in - tropic / 2 6 --- a - 1 4 - year - old - boy - from - malawi - who - has - bee _ 2 0 2 2 _",
      "start_token": 0,
      "end_token": 77
    },
    {
      "id": 1,
      "text": "- has - bee _ 2 0 2 2 _ clinical - cases - in - tropic _ p 1 _ img 1. jpeg )![ figure ](../ images / 2 6 --- a - 1 4 - year - old - boy - from - malawi - who - has - bee _ 2 0 2 2 _ clinical - cases - in - tropic / 2 6 --- a",
      "start_token": 67,
      "end_token": 144
    },
    {
      "id": 2,
      "text": "cases - in - tropic / 2 6 --- a - 1 4 - year - old - boy - from - malawi - who - has - bee _ 2 0 2 2 _ clinical - cases - in - tropic _ p 2 _ img 1. jpeg )",
      "start_token": 134,
      "end_token": 186
    }
  ],
  "images": [
    "Processed/images/26---A-14-Year-Old-Boy-from-Malawi-Who-Has-Bee_2022_Clinical-Cases-in-Tropic/26---A-14-Year-Old-Boy-from-Malawi-Who-Has-Bee_2022_Clinical-Cases-in-Tropic_p1_img1.jpeg",
    "Processed/images/26---A-14-Year-Old-Boy-from-Malawi-Who-Has-Bee_2022_Clinical-Cases-in-Tropic/26---A-14-Year-Old-Boy-from-Malawi-Who-Has-Bee_2022_Clinical-Cases-in-Tropic_p2_img1.jpeg"
  ]
}