{
  "file": "27---A-16-Year-Old-Boy-from-Sri-Lanka-With-Fever_2022_Clinical-Cases-in-Trop.md",
  "n_chunks": 2,
  "text_embedding": "Processed_embeddings/embeddings/27---A-16-Year-Old-Boy-from-Sri-Lanka-With-Fever_2022_Clinical-Cases-in-Trop_text.npy",
  "image_embedding": "Processed_embeddings/embeddings/27---A-16-Year-Old-Boy-from-Sri-Lanka-With-Fever_2022_Clinical-Cases-in-Trop_images.npy",
  "chunks": [
    {
      "id": 0,
      "text": "## images![ figure ](../ images / 2 7 --- a - 1 6 - year - old - boy - from - sri - lanka - with - fever _ 2 0 2 2 _ clinical - cases - in - trop / 2 7 --- a - 1 6 - year - old - boy - from - sri - lanka - with - fever _ 2 0 2 2 _",
      "start_token": 0,
      "end_token": 77
    },
    {
      "id": 1,
      "text": "- with - fever _ 2 0 2 2 _ clinical - cases - in - trop _ p 1 _ img 1. jpeg )",
      "start_token": 67,
      "end_token": 94
    }
  ],
  "images": [
    "Processed/images/27---A-16-Year-Old-Boy-from-Sri-Lanka-With-Fever_2022_Clinical-Cases-in-Trop/27---A-16-Year-Old-Boy-from-Sri-Lanka-With-Fever_2022_Clinical-Cases-in-Trop_p1_img1.jpeg"
  ]
}