{
  "file": "3---A-26-Year-Old-Woman-from-Malawi-with-Headache-_2022_Clinical-Cases-in-Tr.md",
  "n_chunks": 3,
  "text_embedding": "Processed_embeddings/embeddings/3---A-26-Year-Old-Woman-from-Malawi-with-Headache-_2022_Clinical-Cases-in-Tr_text.npy",
  "image_embedding": "Processed_embeddings/embeddings/3---A-26-Year-Old-Woman-from-Malawi-with-Headache-_2022_Clinical-Cases-in-Tr_images.npy",
  "chunks": [
    {
      "id": 0,
      "text": "## images![ figure ](../ images / 3 --- a - 2 6 - year - old - woman - from - malawi - with - headache -_ 2 0 2 2 _ clinical - cases - in - tr / 3 --- a - 2 6 - year - old - woman - from - malawi - with - headache -_ 2 0 2 2 _ clinical - cases -",
      "start_token": 0,
      "end_token": 77
    },
    {
      "id": 1,
      "text": "_ 2 0 2 2 _ clinical - cases - in - tr _ p 1 _ img 1. jpeg )![ figure ](../ images / 3 --- a - 2 6 - year - old - woman - from - malawi - with - headache -_ 2 0 2 2 _ clinical - cases - in - tr / 3 --- a - 2 6 - year - old",
      "start_token": 67,
      "end_token": 144
    },
    {
      "id": 2,
      "text": "3 --- a - 2 6 - year - old - woman - from - malawi - with - headache -_ 2 0 2 2 _ clinical - cases - in - tr _ p 3 _ img 1. jpeg )",
      "start_token": 134,
      "end_token": 178
    }
  ],
  "images": [
    "Processed/images/3---A-26-Year-Old-Woman-from-Malawi-with-Headache-_2022_Clinical-Cases-in-Tr/3---A-26-Year-Old-Woman-from-Malawi-with-Headache-_2022_Clinical-Cases-in-Tr_p1_img1.jpeg",
    "Processed/images/3---A-26-Year-Old-Woman-from-Malawi-with-Headache-_2022_Clinical-Cases-in-Tr/3---A-26-Year-Old-Woman-from-Malawi-with-Headache-_2022_Clinical-Cases-in-Tr_p3_img1.jpeg"
  ]
}