{
  "file": "31---A-6-Year-Old-Boy-from-Malawi-With-Fever--Cou_2022_Clinical-Cases-in-Tro.md",
  "n_chunks": 2,
  "text_embedding": "Processed_embeddings/embeddings/31---A-6-Year-Old-Boy-from-Malawi-With-Fever--Cou_2022_Clinical-Cases-in-Tro_text.npy",
  "image_embedding": "Processed_embeddings/embeddings/31---A-6-Year-Old-Boy-from-Malawi-With-Fever--Cou_2022_Clinical-Cases-in-Tro_images.npy",
  "chunks": [
    {
      "id": 0,
      "text": "## images![ figure ](../ images / 3 1 --- a - 6 - year - old - boy - from - malawi - with - fever -- cou _ 2 0 2 2 _ clinical - cases - in - tro / 3 1 --- a - 6 - year - old - boy - from - malawi - with - fever -- cou _ 2 0 2 2 _",
      "start_token": 0,
      "end_token": 77
    },
    {
      "id": 1,
      "text": "fever -- cou _ 2 0 2 2 _ clinical - cases - in - tro _ p 2 _ img 1. jpeg )",
      "start_token": 67,
      "end_token": 94
    }
  ],
  "images": [
    "Processed/images/31---A-6-Year-Old-Boy-from-Malawi-With-Fever--Cou_2022_Clinical-Cases-in-Tro/31---A-6-Year-Old-Boy-from-Malawi-With-Fever--Cou_2022_Clinical-Cases-in-Tro_p2_img1.jpeg"
  ]
}