{
  "file": "32---A-44-Year-Old-Male-Farmer-from-Laos-With-Di_2022_Clinical-Cases-in-Trop.md",
  "n_chunks": 3,
  "text_embedding": "Processed_embeddings/embeddings/32---A-44-Year-Old-Male-Farmer-from-Laos-With-Di_2022_Clinical-Cases-in-Trop_text.npy",
  "image_embedding": "Processed_embeddings/embeddings/32---A-44-Year-Old-Male-Farmer-from-Laos-With-Di_2022_Clinical-Cases-in-Trop_images.npy",
  "chunks": [
    {
      "id": 0,
      "text": "## images![ figure ](../ images / 3 2 --- a - 4 4 - year - old - male - farmer - from - laos - with - di _ 2 0 2 2 _ clinical - cases - in - trop / 3 2 --- a - 4 4 - year - old - male - farmer - from - laos - with - di _ 2 0 2 2 _",
      "start_token": 0,
      "end_token": 77
    },
    {
      "id": 1,
      "text": "- with - di _ 2 0 2 2 _ clinical - cases - in - trop _ p 1 _ img 1. jpeg )![ figure ](../ images / 3 2 --- a - 4 4 - year - old - male - farmer - from - laos - with - di _ 2 0 2 2 _ clinical - cases - in - trop / 3 2 --- a",
      "start_token": 67,
      "end_token": 144
    },
    {
      "id": 2,
      "text": "cases - in - trop / 3 2 --- a - 4 4 - year - old - male - farmer - from - laos - with - di _ 2 0 2 2 _ clinical - cases - in - trop _ p 2 _ img 1. jpeg )",
      "start_token": 134,
      "end_token": 186
    }
  ],
  "images": [
    "Processed/images/32---A-44-Year-Old-Male-Farmer-from-Laos-With-Di_2022_Clinical-Cases-in-Trop/32---A-44-Year-Old-Male-Farmer-from-Laos-With-Di_2022_Clinical-Cases-in-Trop_p1_img1.jpeg",
    "Processed/images/32---A-44-Year-Old-Male-Farmer-from-Laos-With-Di_2022_Clinical-Cases-in-Trop/32---A-44-Year-Old-Male-Farmer-from-Laos-With-Di_2022_Clinical-Cases-in-Trop_p2_img1.jpeg"
  ]
}