{
  "file": "34---A-35-Year-Old-Male-Farmer-from-Peru-With-a-Chro_2022_Clinical-Cases-in-.md",
  "n_chunks": 3,
  "text_embedding": "Processed_embeddings/embeddings/34---A-35-Year-Old-Male-Farmer-from-Peru-With-a-Chro_2022_Clinical-Cases-in-_text.npy",
  "image_embedding": "Processed_embeddings/embeddings/34---A-35-Year-Old-Male-Farmer-from-Peru-With-a-Chro_2022_Clinical-Cases-in-_images.npy",
  "chunks": [
    {
      "id": 0,
      "text": "## images![ figure ](../ images / 3 4 --- a - 3 5 - year - old - male - farmer - from - peru - with - a - chro _ 2 0 2 2 _ clinical - cases - in -/ 3 4 --- a - 3 5 - year - old - male - farmer - from - peru - with - a - chro _",
      "start_token": 0,
      "end_token": 77
    },
    {
      "id": 1,
      "text": "- peru - with - a - chro _ 2 0 2 2 _ clinical - cases - in -_ p 1 _ img 1. jpeg )![ figure ](../ images / 3 4 --- a - 3 5 - year - old - male - farmer - from - peru - with - a - chro _ 2 0 2 2 _ clinical - cases - in",
      "start_token": 67,
      "end_token": 144
    },
    {
      "id": 2,
      "text": "2 0 2 2 _ clinical - cases - in -/ 3 4 --- a - 3 5 - year - old - male - farmer - from - peru - with - a - chro _ 2 0 2 2 _ clinical - cases - in -_ p 2 _ img 1. jpeg )",
      "start_token": 134,
      "end_token": 194
    }
  ],
  "images": [
    "Processed/images/34---A-35-Year-Old-Male-Farmer-from-Peru-With-a-Chro_2022_Clinical-Cases-in-/34---A-35-Year-Old-Male-Farmer-from-Peru-With-a-Chro_2022_Clinical-Cases-in-_p1_img1.jpeg",
    "Processed/images/34---A-35-Year-Old-Male-Farmer-from-Peru-With-a-Chro_2022_Clinical-Cases-in-/34---A-35-Year-Old-Male-Farmer-from-Peru-With-a-Chro_2022_Clinical-Cases-in-_p2_img1.jpeg"
  ]
}