{
  "file": "35---A-32-Year-Old-Woman-from-Malawi-With-Heada_2022_Clinical-Cases-in-Tropi.md",
  "n_chunks": 3,
  "text_embedding": "Processed_embeddings/embeddings/35---A-32-Year-Old-Woman-from-Malawi-With-Heada_2022_Clinical-Cases-in-Tropi_text.npy",
  "image_embedding": "Processed_embeddings/embeddings/35---A-32-Year-Old-Woman-from-Malawi-With-Heada_2022_Clinical-Cases-in-Tropi_images.npy",
  "chunks": [
    {
      "id": 0,
      "text": "## images![ figure ](../ images / 3 5 --- a - 3 2 - year - old - woman - from - malawi - with - heada _ 2 0 2 2 _ clinical - cases - in - tropi / 3 5 --- a - 3 2 - year - old - woman - from - malawi - with - heada _ 2 0 2 2 _ clinical",
      "start_token": 0,
      "end_token": 77
    },
    {
      "id": 1,
      "text": "- heada _ 2 0 2 2 _ clinical - cases - in - tropi _ p 1 _ img 1. jpeg )![ figure ](../ images / 3 5 --- a - 3 2 - year - old - woman - from - malawi - with - heada _ 2 0 2 2 _ clinical - cases - in - tropi / 3 5 --- a",
      "start_token": 67,
      "end_token": 144
    },
    {
      "id": 2,
      "text": "- in - tropi / 3 5 --- a - 3 2 - year - old - woman - from - malawi - with - heada _ 2 0 2 2 _ clinical - cases - in - tropi _ p 2 _ img 1. jpeg )",
      "start_token": 134,
      "end_token": 186
    }
  ],
  "images": [
    "Processed/images/35---A-32-Year-Old-Woman-from-Malawi-With-Heada_2022_Clinical-Cases-in-Tropi/35---A-32-Year-Old-Woman-from-Malawi-With-Heada_2022_Clinical-Cases-in-Tropi_p1_img1.jpeg",
    "Processed/images/35---A-32-Year-Old-Woman-from-Malawi-With-Heada_2022_Clinical-Cases-in-Tropi/35---A-32-Year-Old-Woman-from-Malawi-With-Heada_2022_Clinical-Cases-in-Tropi_p2_img1.jpeg"
  ]
}