{
  "file": "36---A-23-Year-Old-Farmer-from-Myanmar-With-Uni_2022_Clinical-Cases-in-Tropi.md",
  "n_chunks": 2,
  "text_embedding": "Processed_embeddings/embeddings/36---A-23-Year-Old-Farmer-from-Myanmar-With-Uni_2022_Clinical-Cases-in-Tropi_text.npy",
  "image_embedding": "Processed_embeddings/embeddings/36---A-23-Year-Old-Farmer-from-Myanmar-With-Uni_2022_Clinical-Cases-in-Tropi_images.npy",
  "chunks": [
    {
      "id": 0,
      "text": "## images![ figure ](../ images / 3 6 --- a - 2 3 - year - old - farmer - from - myanmar - with - uni _ 2 0 2 2 _ clinical - cases - in - tropi / 3 6 --- a - 2 3 - year - old - farmer - from - myanmar - with - uni _ 2 0 2 2 _ clinical - cases",
      "start_token": 0,
      "end_token": 77
    },
    {
      "id": 1,
      "text": "uni _ 2 0 2 2 _ clinical - cases - in - tropi _ p 1 _ img 1. jpeg )",
      "start_token": 67,
      "end_token": 92
    }
  ],
  "images": [
    "Processed/images/36---A-23-Year-Old-Farmer-from-Myanmar-With-Uni_2022_Clinical-Cases-in-Tropi/36---A-23-Year-Old-Farmer-from-Myanmar-With-Uni_2022_Clinical-Cases-in-Tropi_p1_img1.jpeg"
  ]
}