{
  "file": "37---A-29-Year-Old-Woman-from-Malawi-With-Confusi_2022_Clinical-Cases-in-Tro.md",
  "n_chunks": 3,
  "text_embedding": "Processed_embeddings/embeddings/37---A-29-Year-Old-Woman-from-Malawi-With-Confusi_2022_Clinical-Cases-in-Tro_text.npy",
  "image_embedding": "Processed_embeddings/embeddings/37---A-29-Year-Old-Woman-from-Malawi-With-Confusi_2022_Clinical-Cases-in-Tro_images.npy",
  "chunks": [
    {
      "id": 0,
      "text": "## images![ figure ](../ images / 3 7 --- a - 2 9 - year - old - woman - from - malawi - with - confusi _ 2 0 2 2 _ clinical - cases - in - tro / 3 7 --- a - 2 9 - year - old - woman - from - malawi - with - confusi _ 2 0 2 2 _ clinical -",
      "start_token": 0,
      "end_token": 77
    },
    {
      "id": 1,
      "text": "confusi _ 2 0 2 2 _ clinical - cases - in - tro _ p 1 _ img 1. jpeg )![ figure ](../ images / 3 7 --- a - 2 9 - year - old - woman - from - malawi - with - confusi _ 2 0 2 2 _ clinical - cases - in - tro / 3 7 --- a - 2 9",
      "start_token": 67,
      "end_token": 144
    },
    {
      "id": 2,
      "text": "- tro / 3 7 --- a - 2 9 - year - old - woman - from - malawi - with - confusi _ 2 0 2 2 _ clinical - cases - in - tro _ p 1 _ img 2. jpeg )",
      "start_token": 134,
      "end_token": 182
    }
  ],
  "images": [
    "Processed/images/37---A-29-Year-Old-Woman-from-Malawi-With-Confusi_2022_Clinical-Cases-in-Tro/37---A-29-Year-Old-Woman-from-Malawi-With-Confusi_2022_Clinical-Cases-in-Tro_p1_img1.jpeg",
    "Processed/images/37---A-29-Year-Old-Woman-from-Malawi-With-Confusi_2022_Clinical-Cases-in-Tro/37---A-29-Year-Old-Woman-from-Malawi-With-Confusi_2022_Clinical-Cases-in-Tro_p1_img2.jpeg"
  ]
}