{
  "file": "39---A-30-Year-Old-Male-Chinese-Trader-With-_2022_Clinical-Cases-in-Tropical.md",
  "n_chunks": 3,
  "text_embedding": "Processed_embeddings/embeddings/39---A-30-Year-Old-Male-Chinese-Trader-With-_2022_Clinical-Cases-in-Tropical_text.npy",
  "image_embedding": "Processed_embeddings/embeddings/39---A-30-Year-Old-Male-Chinese-Trader-With-_2022_Clinical-Cases-in-Tropical_images.npy",
  "chunks": [
    {
      "id": 0,
      "text": "## images![ figure ](../ images / 3 9 --- a - 3 0 - year - old - male - chinese - trader - with -_ 2 0 2 2 _ clinical - cases - in - tropical / 3 9 --- a - 3 0 - year - old - male - chinese - trader - with -_ 2 0 2 2 _ clinical - cases - in -",
      "start_token": 0,
      "end_token": 77
    },
    {
      "id": 1,
      "text": "0 2 2 _ clinical - cases - in - tropical _ p 2 _ img 1. jpeg )![ figure ](../ images / 3 9 --- a - 3 0 - year - old - male - chinese - trader - with -_ 2 0 2 2 _ clinical - cases - in - tropical / 3 9 --- a - 3 0 - year - old - male",
      "start_token": 67,
      "end_token": 144
    },
    {
      "id": 2,
      "text": "a - 3 0 - year - old - male - chinese - trader - with -_ 2 0 2 2 _ clinical - cases - in - tropical _ p 2 _ img 2. jpeg )",
      "start_token": 134,
      "end_token": 174
    }
  ],
  "images": [
    "Processed/images/39---A-30-Year-Old-Male-Chinese-Trader-With-_2022_Clinical-Cases-in-Tropical/39---A-30-Year-Old-Male-Chinese-Trader-With-_2022_Clinical-Cases-in-Tropical_p2_img1.jpeg",
    "Processed/images/39---A-30-Year-Old-Male-Chinese-Trader-With-_2022_Clinical-Cases-in-Tropical/39---A-30-Year-Old-Male-Chinese-Trader-With-_2022_Clinical-Cases-in-Tropical_p2_img2.jpeg"
  ]
}