{
  "file": "41---A-7-Year-Old-Girl-from-West-Africa-With-Two-Ski_2022_Clinical-Cases-in-.md",
  "n_chunks": 3,
  "text_embedding": "Processed_embeddings/embeddings/41---A-7-Year-Old-Girl-from-West-Africa-With-Two-Ski_2022_Clinical-Cases-in-_text.npy",
  "image_embedding": "Processed_embeddings/embeddings/41---A-7-Year-Old-Girl-from-West-Africa-With-Two-Ski_2022_Clinical-Cases-in-_images.npy",
  "chunks": [
    {
      "id": 0,
      "text": "## images![ figure ](../ images / 4 1 --- a - 7 - year - old - girl - from - west - africa - with - two - ski _ 2 0 2 2 _ clinical - cases - in -/ 4 1 --- a - 7 - year - old - girl - from - west - africa - with - two - ski _ 2 0 2 2",
      "start_token": 0,
      "end_token": 77
    },
    {
      "id": 1,
      "text": "with - two - ski _ 2 0 2 2 _ clinical - cases - in -_ p 1 _ img 1. jpeg )![ figure ](../ images / 4 1 --- a - 7 - year - old - girl - from - west - africa - with - two - ski _ 2 0 2 2 _ clinical - cases - in -/ 4 1 --- a",
      "start_token": 67,
      "end_token": 144
    },
    {
      "id": 2,
      "text": "- cases - in -/ 4 1 --- a - 7 - year - old - girl - from - west - africa - with - two - ski _ 2 0 2 2 _ clinical - cases - in -_ p 2 _ img 1. jpeg )",
      "start_token": 134,
      "end_token": 186
    }
  ],
  "images": [
    "Processed/images/41---A-7-Year-Old-Girl-from-West-Africa-With-Two-Ski_2022_Clinical-Cases-in-/41---A-7-Year-Old-Girl-from-West-Africa-With-Two-Ski_2022_Clinical-Cases-in-_p1_img1.jpeg",
    "Processed/images/41---A-7-Year-Old-Girl-from-West-Africa-With-Two-Ski_2022_Clinical-Cases-in-/41---A-7-Year-Old-Girl-from-West-Africa-With-Two-Ski_2022_Clinical-Cases-in-_p2_img1.jpeg"
  ]
}