{
  "file": "42---A-41-Year-Old-Male-Traveller-Returning-from-Au_2022_Clinical-Cases-in-T.md",
  "n_chunks": 2,
  "text_embedding": "Processed_embeddings/embeddings/42---A-41-Year-Old-Male-Traveller-Returning-from-Au_2022_Clinical-Cases-in-T_text.npy",
  "image_embedding": "Processed_embeddings/embeddings/42---A-41-Year-Old-Male-Traveller-Returning-from-Au_2022_Clinical-Cases-in-T_images.npy",
  "chunks": [
    {
      "id": 0,
      "text": "## images![ figure ](../ images / 4 2 --- a - 4 1 - year - old - male - traveller - returning - from - au _ 2 0 2 2 _ clinical - cases - in - t / 4 2 --- a - 4 1 - year - old - male - traveller - returning - from - au _ 2 0 2 2 _ clinical - cases -",
      "start_token": 0,
      "end_token": 77
    },
    {
      "id": 1,
      "text": "_ 2 0 2 2 _ clinical - cases - in - t _ p 1 _ img 1. jpeg )",
      "start_token": 67,
      "end_token": 90
    }
  ],
  "images": [
    "Processed/images/42---A-41-Year-Old-Male-Traveller-Returning-from-Au_2022_Clinical-Cases-in-T/42---A-41-Year-Old-Male-Traveller-Returning-from-Au_2022_Clinical-Cases-in-T_p1_img1.jpeg"
  ]
}