{
  "file": "44---A-7-Year-Old-Girl-from-South-Sudan-With-_2022_Clinical-Cases-in-Tropica.md",
  "n_chunks": 2,
  "text_embedding": "Processed_embeddings/embeddings/44---A-7-Year-Old-Girl-from-South-Sudan-With-_2022_Clinical-Cases-in-Tropica_text.npy",
  "image_embedding": "Processed_embeddings/embeddings/44---A-7-Year-Old-Girl-from-South-Sudan-With-_2022_Clinical-Cases-in-Tropica_images.npy",
  "chunks": [
    {
      "id": 0,
      "text": "## images![ figure ](../ images / 4 4 --- a - 7 - year - old - girl - from - south - sudan - with -_ 2 0 2 2 _ clinical - cases - in - tropica / 4 4 --- a - 7 - year - old - girl - from - south - sudan - with -_ 2 0 2 2 _ clinical - cases",
      "start_token": 0,
      "end_token": 77
    },
    {
      "id": 1,
      "text": "-_ 2 0 2 2 _ clinical - cases - in - tropica _ p 2 _ img 1. jpeg )",
      "start_token": 67,
      "end_token": 92
    }
  ],
  "images": [
    "Processed/images/44---A-7-Year-Old-Girl-from-South-Sudan-With-_2022_Clinical-Cases-in-Tropica/44---A-7-Year-Old-Girl-from-South-Sudan-With-_2022_Clinical-Cases-in-Tropica_p2_img1.jpeg"
  ]
}