{
  "file": "47---A-32-Year-Old-Man-from-Malawi-With-a-Pain_2022_Clinical-Cases-in-Tropic.md",
  "n_chunks": 3,
  "text_embedding": "Processed_embeddings/embeddings/47---A-32-Year-Old-Man-from-Malawi-With-a-Pain_2022_Clinical-Cases-in-Tropic_text.npy",
  "image_embedding": "Processed_embeddings/embeddings/47---A-32-Year-Old-Man-from-Malawi-With-a-Pain_2022_Clinical-Cases-in-Tropic_images.npy",
  "chunks": [
    {
      "id": 0,
      "text": "## images![ figure ](../ images / 4 7 --- a - 3 2 - year - old - man - from - malawi - with - a - pain _ 2 0 2 2 _ clinical - cases - in - tropic / 4 7 --- a - 3 2 - year - old - man - from - malawi - with - a - pain _ 2 0 2 2 _",
      "start_token": 0,
      "end_token": 77
    },
    {
      "id": 1,
      "text": "- a - pain _ 2 0 2 2 _ clinical - cases - in - tropic _ p 1 _ img 1. jpeg )![ figure ](../ images / 4 7 --- a - 3 2 - year - old - man - from - malawi - with - a - pain _ 2 0 2 2 _ clinical - cases - in - tropic / 4 7 --- a",
      "start_token": 67,
      "end_token": 144
    },
    {
      "id": 2,
      "text": "cases - in - tropic / 4 7 --- a - 3 2 - year - old - man - from - malawi - with - a - pain _ 2 0 2 2 _ clinical - cases - in - tropic _ p 1 _ img 2. jpeg )",
      "start_token": 134,
      "end_token": 186
    }
  ],
  "images": [
    "Processed/images/47---A-32-Year-Old-Man-from-Malawi-With-a-Pain_2022_Clinical-Cases-in-Tropic/47---A-32-Year-Old-Man-from-Malawi-With-a-Pain_2022_Clinical-Cases-in-Tropic_p1_img1.jpeg",
    "Processed/images/47---A-32-Year-Old-Man-from-Malawi-With-a-Pain_2022_Clinical-Cases-in-Tropic/47---A-32-Year-Old-Man-from-Malawi-With-a-Pain_2022_Clinical-Cases-in-Tropic_p1_img2.jpeg"
  ]
}