{
  "file": "49---A-33-Year-Old-Male-Traveller-to-India-With-Di_2022_Clinical-Cases-in-Tr.md",
  "n_chunks": 3,
  "text_embedding": "Processed_embeddings/embeddings/49---A-33-Year-Old-Male-Traveller-to-India-With-Di_2022_Clinical-Cases-in-Tr_text.npy",
  "image_embedding": "Processed_embeddings/embeddings/49---A-33-Year-Old-Male-Traveller-to-India-With-Di_2022_Clinical-Cases-in-Tr_images.npy",
  "chunks": [
    {
      "id": 0,
      "text": "## images![ figure ](../ images / 4 9 --- a - 3 3 - year - old - male - traveller - to - india - with - di _ 2 0 2 2 _ clinical - cases - in - tr / 4 9 --- a - 3 3 - year - old - male - traveller - to - india - with - di _ 2 0 2 2 _",
      "start_token": 0,
      "end_token": 77
    },
    {
      "id": 1,
      "text": "- with - di _ 2 0 2 2 _ clinical - cases - in - tr _ p 1 _ img 1. jpeg )![ figure ](../ images / 4 9 --- a - 3 3 - year - old - male - traveller - to - india - with - di _ 2 0 2 2 _ clinical - cases - in - tr / 4 9 --- a",
      "start_token": 67,
      "end_token": 144
    },
    {
      "id": 2,
      "text": "cases - in - tr / 4 9 --- a - 3 3 - year - old - male - traveller - to - india - with - di _ 2 0 2 2 _ clinical - cases - in - tr _ p 1 _ img 2. jpeg )",
      "start_token": 134,
      "end_token": 186
    }
  ],
  "images": [
    "Processed/images/49---A-33-Year-Old-Male-Traveller-to-India-With-Di_2022_Clinical-Cases-in-Tr/49---A-33-Year-Old-Male-Traveller-to-India-With-Di_2022_Clinical-Cases-in-Tr_p1_img1.jpeg",
    "Processed/images/49---A-33-Year-Old-Male-Traveller-to-India-With-Di_2022_Clinical-Cases-in-Tr/49---A-33-Year-Old-Male-Traveller-to-India-With-Di_2022_Clinical-Cases-in-Tr_p1_img2.jpeg"
  ]
}