{
  "file": "5---A-4-Year-Old-Boy-from-Laos-With-a-Lesion-o_2022_Clinical-Cases-in-Tropic.md",
  "n_chunks": 3,
  "text_embedding": "Processed_embeddings/embeddings/5---A-4-Year-Old-Boy-from-Laos-With-a-Lesion-o_2022_Clinical-Cases-in-Tropic_text.npy",
  "image_embedding": "Processed_embeddings/embeddings/5---A-4-Year-Old-Boy-from-Laos-With-a-Lesion-o_2022_Clinical-Cases-in-Tropic_images.npy",
  "chunks": [
    {
      "id": 0,
      "text": "## images![ figure ](../ images / 5 --- a - 4 - year - old - boy - from - laos - with - a - lesion - o _ 2 0 2 2 _ clinical - cases - in - tropic / 5 --- a - 4 - year - old - boy - from - laos - with - a - lesion - o _ 2 0 2",
      "start_token": 0,
      "end_token": 77
    },
    {
      "id": 1,
      "text": "a - lesion - o _ 2 0 2 2 _ clinical - cases - in - tropic _ p 1 _ img 1. jpeg )![ figure ](../ images / 5 --- a - 4 - year - old - boy - from - laos - with - a - lesion - o _ 2 0 2 2 _ clinical - cases - in - tropic / 5",
      "start_token": 67,
      "end_token": 144
    },
    {
      "id": 2,
      "text": "_ clinical - cases - in - tropic / 5 --- a - 4 - year - old - boy - from - laos - with - a - lesion - o _ 2 0 2 2 _ clinical - cases - in - tropic _ p 2 _ img 1. jpeg )",
      "start_token": 134,
      "end_token": 190
    }
  ],
  "images": [
    "Processed/images/5---A-4-Year-Old-Boy-from-Laos-With-a-Lesion-o_2022_Clinical-Cases-in-Tropic/5---A-4-Year-Old-Boy-from-Laos-With-a-Lesion-o_2022_Clinical-Cases-in-Tropic_p1_img1.jpeg",
    "Processed/images/5---A-4-Year-Old-Boy-from-Laos-With-a-Lesion-o_2022_Clinical-Cases-in-Tropic/5---A-4-Year-Old-Boy-from-Laos-With-a-Lesion-o_2022_Clinical-Cases-in-Tropic_p2_img1.jpeg"
  ]
}