{
  "file": "50---A-24-Year-Old-Man-of-Turkish-Origin-With-Jau_2022_Clinical-Cases-in-Tro.md",
  "n_chunks": 5,
  "text_embedding": "Processed_embeddings/embeddings/50---A-24-Year-Old-Man-of-Turkish-Origin-With-Jau_2022_Clinical-Cases-in-Tro_text.npy",
  "image_embedding": "Processed_embeddings/embeddings/50---A-24-Year-Old-Man-of-Turkish-Origin-With-Jau_2022_Clinical-Cases-in-Tro_images.npy",
  "chunks": [
    {
      "id": 0,
      "text": "## images![ figure ](../ images / 5 0 --- a - 2 4 - year - old - man - of - turkish - origin - with - jau _ 2 0 2 2 _ clinical - cases - in - tro / 5 0 --- a - 2 4 - year - old - man - of - turkish - origin - with - jau _ 2 0 2",
      "start_token": 0,
      "end_token": 77
    },
    {
      "id": 1,
      "text": "origin - with - jau _ 2 0 2 2 _ clinical - cases - in - tro _ p 1 _ img 1. jpeg )![ figure ](../ images / 5 0 --- a - 2 4 - year - old - man - of - turkish - origin - with - jau _ 2 0 2 2 _ clinical - cases - in - tro / 5",
      "start_token": 67,
      "end_token": 144
    },
    {
      "id": 2,
      "text": "_ clinical - cases - in - tro / 5 0 --- a - 2 4 - year - old - man - of - turkish - origin - with - jau _ 2 0 2 2 _ clinical - cases - in - tro _ p 1 _ img 2. jpeg )![ figure ](../ images / 5 0 --- a - 2 4 - year - old -",
      "start_token": 134,
      "end_token": 211
    },
    {
      "id": 3,
      "text": "--- a - 2 4 - year - old - man - of - turkish - origin - with - jau _ 2 0 2 2 _ clinical - cases - in - tro / 5 0 --- a - 2 4 - year - old - man - of - turkish - origin - with - jau _ 2 0 2 2 _ clinical - cases - in - tro _ p 2 _",
      "start_token": 201,
      "end_token": 278
    },
    {
      "id": 4,
      "text": "- cases - in - tro _ p 2 _ img 1. jpeg )",
      "start_token": 268,
      "end_token": 284
    }
  ],
  "images": [
    "Processed/images/50---A-24-Year-Old-Man-of-Turkish-Origin-With-Jau_2022_Clinical-Cases-in-Tro/50---A-24-Year-Old-Man-of-Turkish-Origin-With-Jau_2022_Clinical-Cases-in-Tro_p1_img1.jpeg",
    "Processed/images/50---A-24-Year-Old-Man-of-Turkish-Origin-With-Jau_2022_Clinical-Cases-in-Tro/50---A-24-Year-Old-Man-of-Turkish-Origin-With-Jau_2022_Clinical-Cases-in-Tro_p1_img2.jpeg",
    "Processed/images/50---A-24-Year-Old-Man-of-Turkish-Origin-With-Jau_2022_Clinical-Cases-in-Tro/50---A-24-Year-Old-Man-of-Turkish-Origin-With-Jau_2022_Clinical-Cases-in-Tro_p2_img1.jpeg"
  ]
}