{
  "file": "51---A-34-Year-Old-HIV-Positive-Woman-from-Malawi-W_2022_Clinical-Cases-in-T.md",
  "n_chunks": 4,
  "text_embedding": "Processed_embeddings/embeddings/51---A-34-Year-Old-HIV-Positive-Woman-from-Malawi-W_2022_Clinical-Cases-in-T_text.npy",
  "image_embedding": "Processed_embeddings/embeddings/51---A-34-Year-Old-HIV-Positive-Woman-from-Malawi-W_2022_Clinical-Cases-in-T_images.npy",
  "chunks": [
    {
      "id": 0,
      "text": "## images![ figure ](../ images / 5 1 --- a - 3 4 - year - old - hiv - positive - woman - from - malawi - w _ 2 0 2 2 _ clinical - cases - in - t / 5 1 --- a - 3 4 - year - old - hiv - positive - woman - from - malawi - w _ 2 0 2 2 _",
      "start_token": 0,
      "end_token": 77
    },
    {
      "id": 1,
      "text": "- malawi - w _ 2 0 2 2 _ clinical - cases - in - t _ p 1 _ img 1. jpeg )![ figure ](../ images / 5 1 --- a - 3 4 - year - old - hiv - positive - woman - from - malawi - w _ 2 0 2 2 _ clinical - cases - in - t / 5 1 --- a",
      "start_token": 67,
      "end_token": 144
    },
    {
      "id": 2,
      "text": "cases - in - t / 5 1 --- a - 3 4 - year - old - hiv - positive - woman - from - malawi - w _ 2 0 2 2 _ clinical - cases - in - t _ p 3 _ img 1. jpeg )![ figure ](../ images / 5 1 --- a - 3 4 - year - old - hiv - positive -",
      "start_token": 134,
      "end_token": 211
    },
    {
      "id": 3,
      "text": "4 - year - old - hiv - positive - woman - from - malawi - w _ 2 0 2 2 _ clinical - cases - in - t / 5 1 --- a - 3 4 - year - old - hiv - positive - woman - from - malawi - w _ 2 0 2 2 _ clinical - cases - in - t _ p 3 _ img 2. jpeg )",
      "start_token": 201,
      "end_token": 278
    }
  ],
  "images": [
    "Processed/images/51---A-34-Year-Old-HIV-Positive-Woman-from-Malawi-W_2022_Clinical-Cases-in-T/51---A-34-Year-Old-HIV-Positive-Woman-from-Malawi-W_2022_Clinical-Cases-in-T_p1_img1.jpeg",
    "Processed/images/51---A-34-Year-Old-HIV-Positive-Woman-from-Malawi-W_2022_Clinical-Cases-in-T/51---A-34-Year-Old-HIV-Positive-Woman-from-Malawi-W_2022_Clinical-Cases-in-T_p3_img1.jpeg",
    "Processed/images/51---A-34-Year-Old-HIV-Positive-Woman-from-Malawi-W_2022_Clinical-Cases-in-T/51---A-34-Year-Old-HIV-Positive-Woman-from-Malawi-W_2022_Clinical-Cases-in-T_p3_img2.jpeg"
  ]
}