{
  "file": "54---A-52-Year-Old-Male-Safari-Tourist-Returning-fro_2022_Clinical-Cases-in-.md",
  "n_chunks": 2,
  "text_embedding": "Processed_embeddings/embeddings/54---A-52-Year-Old-Male-Safari-Tourist-Returning-fro_2022_Clinical-Cases-in-_text.npy",
  "image_embedding": "Processed_embeddings/embeddings/54---A-52-Year-Old-Male-Safari-Tourist-Returning-fro_2022_Clinical-Cases-in-_images.npy",
  "chunks": [
    {
      "id": 0,
      "text": "## images![ figure ](../ images / 5 4 --- a - 5 2 - year - old - male - safari - tourist - returning - fro _ 2 0 2 2 _ clinical - cases - in -/ 5 4 --- a - 5 2 - year - old - male - safari - tourist - returning - fro _ 2 0 2 2 _ clinical - cases - in",
      "start_token": 0,
      "end_token": 77
    },
    {
      "id": 1,
      "text": "2 0 2 2 _ clinical - cases - in -_ p 1 _ img 1. jpeg )",
      "start_token": 67,
      "end_token": 88
    }
  ],
  "images": [
    "Processed/images/54---A-52-Year-Old-Male-Safari-Tourist-Returning-fro_2022_Clinical-Cases-in-/54---A-52-Year-Old-Male-Safari-Tourist-Returning-fro_2022_Clinical-Cases-in-_p1_img1.jpeg"
  ]
}