{
  "file": "56---A-21-Year-Old-Pregnant-Woman-from-The-Ga_2022_Clinical-Cases-in-Tropica.md",
  "n_chunks": 3,
  "text_embedding": "Processed_embeddings/embeddings/56---A-21-Year-Old-Pregnant-Woman-from-The-Ga_2022_Clinical-Cases-in-Tropica_text.npy",
  "image_embedding": "Processed_embeddings/embeddings/56---A-21-Year-Old-Pregnant-Woman-from-The-Ga_2022_Clinical-Cases-in-Tropica_images.npy",
  "chunks": [
    {
      "id": 0,
      "text": "## images![ figure ](../ images / 5 6 --- a - 2 1 - year - old - pregnant - woman - from - the - ga _ 2 0 2 2 _ clinical - cases - in - tropica / 5 6 --- a - 2 1 - year - old - pregnant - woman - from - the - ga _ 2 0 2 2 _ clinical - cases",
      "start_token": 0,
      "end_token": 77
    },
    {
      "id": 1,
      "text": "ga _ 2 0 2 2 _ clinical - cases - in - tropica _ p 1 _ img 1. jpeg )![ figure ](../ images / 5 6 --- a - 2 1 - year - old - pregnant - woman - from - the - ga _ 2 0 2 2 _ clinical - cases - in - tropica / 5 6 --- a - 2 1",
      "start_token": 67,
      "end_token": 144
    },
    {
      "id": 2,
      "text": "tropica / 5 6 --- a - 2 1 - year - old - pregnant - woman - from - the - ga _ 2 0 2 2 _ clinical - cases - in - tropica _ p 2 _ img 1. jpeg )",
      "start_token": 134,
      "end_token": 182
    }
  ],
  "images": [
    "Processed/images/56---A-21-Year-Old-Pregnant-Woman-from-The-Ga_2022_Clinical-Cases-in-Tropica/56---A-21-Year-Old-Pregnant-Woman-from-The-Ga_2022_Clinical-Cases-in-Tropica_p1_img1.jpeg",
    "Processed/images/56---A-21-Year-Old-Pregnant-Woman-from-The-Ga_2022_Clinical-Cases-in-Tropica/56---A-21-Year-Old-Pregnant-Woman-from-The-Ga_2022_Clinical-Cases-in-Tropica_p2_img1.jpeg"
  ]
}