{
  "file": "58---A-25-Year-Old-Woman-from-Egypt-With-Severe-Ch_2022_Clinical-Cases-in-Tr.md",
  "n_chunks": 3,
  "text_embedding": "Processed_embeddings/embeddings/58---A-25-Year-Old-Woman-from-Egypt-With-Severe-Ch_2022_Clinical-Cases-in-Tr_text.npy",
  "image_embedding": "Processed_embeddings/embeddings/58---A-25-Year-Old-Woman-from-Egypt-With-Severe-Ch_2022_Clinical-Cases-in-Tr_images.npy",
  "chunks": [
    {
      "id": 0,
      "text": "## images![ figure ](../ images / 5 8 --- a - 2 5 - year - old - woman - from - egypt - with - severe - ch _ 2 0 2 2 _ clinical - cases - in - tr / 5 8 --- a - 2 5 - year - old - woman - from - egypt - with - severe - ch _ 2 0 2 2 _",
      "start_token": 0,
      "end_token": 77
    },
    {
      "id": 1,
      "text": "- severe - ch _ 2 0 2 2 _ clinical - cases - in - tr _ p 1 _ img 1. jpeg )![ figure ](../ images / 5 8 --- a - 2 5 - year - old - woman - from - egypt - with - severe - ch _ 2 0 2 2 _ clinical - cases - in - tr / 5 8 --- a",
      "start_token": 67,
      "end_token": 144
    },
    {
      "id": 2,
      "text": "cases - in - tr / 5 8 --- a - 2 5 - year - old - woman - from - egypt - with - severe - ch _ 2 0 2 2 _ clinical - cases - in - tr _ p 2 _ img 1. jpeg )",
      "start_token": 134,
      "end_token": 186
    }
  ],
  "images": [
    "Processed/images/58---A-25-Year-Old-Woman-from-Egypt-With-Severe-Ch_2022_Clinical-Cases-in-Tr/58---A-25-Year-Old-Woman-from-Egypt-With-Severe-Ch_2022_Clinical-Cases-in-Tr_p1_img1.jpeg",
    "Processed/images/58---A-25-Year-Old-Woman-from-Egypt-With-Severe-Ch_2022_Clinical-Cases-in-Tr/58---A-25-Year-Old-Woman-from-Egypt-With-Severe-Ch_2022_Clinical-Cases-in-Tr_p2_img1.jpeg"
  ]
}