{
  "file": "59---A-24-Year-Old-Man-from-Malawi-With-Skin-Le_2022_Clinical-Cases-in-Tropi.md",
  "n_chunks": 5,
  "text_embedding": "Processed_embeddings/embeddings/59---A-24-Year-Old-Man-from-Malawi-With-Skin-Le_2022_Clinical-Cases-in-Tropi_text.npy",
  "image_embedding": "Processed_embeddings/embeddings/59---A-24-Year-Old-Man-from-Malawi-With-Skin-Le_2022_Clinical-Cases-in-Tropi_images.npy",
  "chunks": [
    {
      "id": 0,
      "text": "## images![ figure ](../ images / 5 9 --- a - 2 4 - year - old - man - from - malawi - with - skin - le _ 2 0 2 2 _ clinical - cases - in - tropi / 5 9 --- a - 2 4 - year - old - man - from - malawi - with - skin - le _ 2 0 2 2",
      "start_token": 0,
      "end_token": 77
    },
    {
      "id": 1,
      "text": "with - skin - le _ 2 0 2 2 _ clinical - cases - in - tropi _ p 1 _ img 1. jpeg )![ figure ](../ images / 5 9 --- a - 2 4 - year - old - man - from - malawi - with - skin - le _ 2 0 2 2 _ clinical - cases - in - tropi / 5",
      "start_token": 67,
      "end_token": 144
    },
    {
      "id": 2,
      "text": "clinical - cases - in - tropi / 5 9 --- a - 2 4 - year - old - man - from - malawi - with - skin - le _ 2 0 2 2 _ clinical - cases - in - tropi _ p 1 _ img 2. jpeg )![ figure ](../ images / 5 9 --- a - 2 4 - year - old -",
      "start_token": 134,
      "end_token": 211
    },
    {
      "id": 3,
      "text": "--- a - 2 4 - year - old - man - from - malawi - with - skin - le _ 2 0 2 2 _ clinical - cases - in - tropi / 5 9 --- a - 2 4 - year - old - man - from - malawi - with - skin - le _ 2 0 2 2 _ clinical - cases - in - tropi _ p 2 _",
      "start_token": 201,
      "end_token": 278
    },
    {
      "id": 4,
      "text": "cases - in - tropi _ p 2 _ img 1. jpeg )",
      "start_token": 268,
      "end_token": 284
    }
  ],
  "images": [
    "Processed/images/59---A-24-Year-Old-Man-from-Malawi-With-Skin-Le_2022_Clinical-Cases-in-Tropi/59---A-24-Year-Old-Man-from-Malawi-With-Skin-Le_2022_Clinical-Cases-in-Tropi_p1_img1.jpeg",
    "Processed/images/59---A-24-Year-Old-Man-from-Malawi-With-Skin-Le_2022_Clinical-Cases-in-Tropi/59---A-24-Year-Old-Man-from-Malawi-With-Skin-Le_2022_Clinical-Cases-in-Tropi_p1_img2.jpeg",
    "Processed/images/59---A-24-Year-Old-Man-from-Malawi-With-Skin-Le_2022_Clinical-Cases-in-Tropi/59---A-24-Year-Old-Man-from-Malawi-With-Skin-Le_2022_Clinical-Cases-in-Tropi_p2_img1.jpeg"
  ]
}