{
  "file": "60---A-6-Year-Old-Boy-from-Malawi-With-Proptos_2022_Clinical-Cases-in-Tropic.md",
  "n_chunks": 4,
  "text_embedding": "Processed_embeddings/embeddings/60---A-6-Year-Old-Boy-from-Malawi-With-Proptos_2022_Clinical-Cases-in-Tropic_text.npy",
  "image_embedding": "Processed_embeddings/embeddings/60---A-6-Year-Old-Boy-from-Malawi-With-Proptos_2022_Clinical-Cases-in-Tropic_images.npy",
  "chunks": [
    {
      "id": 0,
      "text": "## images![ figure ](../ images / 6 0 --- a - 6 - year - old - boy - from - malawi - with - proptos _ 2 0 2 2 _ clinical - cases - in - tropic / 6 0 --- a - 6 - year - old - boy - from - malawi - with - proptos _ 2 0 2 2 _ clinical - cases -",
      "start_token": 0,
      "end_token": 77
    },
    {
      "id": 1,
      "text": "_ 2 0 2 2 _ clinical - cases - in - tropic _ p 1 _ img 1. jpeg )![ figure ](../ images / 6 0 --- a - 6 - year - old - boy - from - malawi - with - proptos _ 2 0 2 2 _ clinical - cases - in - tropic / 6 0 --- a - 6 - year - old",
      "start_token": 67,
      "end_token": 144
    },
    {
      "id": 2,
      "text": "6 0 --- a - 6 - year - old - boy - from - malawi - with - proptos _ 2 0 2 2 _ clinical - cases - in - tropic _ p 2 _ img 1. jpeg )![ figure ](../ images / 6 0 --- a - 6 - year - old - boy - from - malawi - with - proptos _ 2 0",
      "start_token": 134,
      "end_token": 211
    },
    {
      "id": 3,
      "text": "- malawi - with - proptos _ 2 0 2 2 _ clinical - cases - in - tropic / 6 0 --- a - 6 - year - old - boy - from - malawi - with - proptos _ 2 0 2 2 _ clinical - cases - in - tropic _ p 2 _ img 2. jpeg )",
      "start_token": 201,
      "end_token": 266
    }
  ],
  "images": [
    "Processed/images/60---A-6-Year-Old-Boy-from-Malawi-With-Proptos_2022_Clinical-Cases-in-Tropic/60---A-6-Year-Old-Boy-from-Malawi-With-Proptos_2022_Clinical-Cases-in-Tropic_p1_img1.jpeg",
    "Processed/images/60---A-6-Year-Old-Boy-from-Malawi-With-Proptos_2022_Clinical-Cases-in-Tropic/60---A-6-Year-Old-Boy-from-Malawi-With-Proptos_2022_Clinical-Cases-in-Tropic_p2_img1.jpeg",
    "Processed/images/60---A-6-Year-Old-Boy-from-Malawi-With-Proptos_2022_Clinical-Cases-in-Tropic/60---A-6-Year-Old-Boy-from-Malawi-With-Proptos_2022_Clinical-Cases-in-Tropic_p2_img2.jpeg"
  ]
}