{
  "file": "61---A-48-Year-Old-Woman-from-Thailand-With-Fever-_2022_Clinical-Cases-in-Tr.md",
  "n_chunks": 3,
  "text_embedding": "Processed_embeddings/embeddings/61---A-48-Year-Old-Woman-from-Thailand-With-Fever-_2022_Clinical-Cases-in-Tr_text.npy",
  "image_embedding": "Processed_embeddings/embeddings/61---A-48-Year-Old-Woman-from-Thailand-With-Fever-_2022_Clinical-Cases-in-Tr_images.npy",
  "chunks": [
    {
      "id": 0,
      "text": "## images![ figure ](../ images / 6 1 --- a - 4 8 - year - old - woman - from - thailand - with - fever -_ 2 0 2 2 _ clinical - cases - in - tr / 6 1 --- a - 4 8 - year - old - woman - from - thailand - with - fever -_ 2 0 2 2 _ clinical -",
      "start_token": 0,
      "end_token": 77
    },
    {
      "id": 1,
      "text": "fever -_ 2 0 2 2 _ clinical - cases - in - tr _ p 1 _ img 1. jpeg )![ figure ](../ images / 6 1 --- a - 4 8 - year - old - woman - from - thailand - with - fever -_ 2 0 2 2 _ clinical - cases - in - tr / 6 1 --- a - 4 8",
      "start_token": 67,
      "end_token": 144
    },
    {
      "id": 2,
      "text": "- tr / 6 1 --- a - 4 8 - year - old - woman - from - thailand - with - fever -_ 2 0 2 2 _ clinical - cases - in - tr _ p 2 _ img 1. jpeg )",
      "start_token": 134,
      "end_token": 182
    }
  ],
  "images": [
    "Processed/images/61---A-48-Year-Old-Woman-from-Thailand-With-Fever-_2022_Clinical-Cases-in-Tr/61---A-48-Year-Old-Woman-from-Thailand-With-Fever-_2022_Clinical-Cases-in-Tr_p1_img1.jpeg",
    "Processed/images/61---A-48-Year-Old-Woman-from-Thailand-With-Fever-_2022_Clinical-Cases-in-Tr/61---A-48-Year-Old-Woman-from-Thailand-With-Fever-_2022_Clinical-Cases-in-Tr_p2_img1.jpeg"
  ]
}