{
  "file": "62---A-28-Year-Old-Man-from-Ghana-With-a-Chron_2022_Clinical-Cases-in-Tropic.md",
  "n_chunks": 3,
  "text_embedding": "Processed_embeddings/embeddings/62---A-28-Year-Old-Man-from-Ghana-With-a-Chron_2022_Clinical-Cases-in-Tropic_text.npy",
  "image_embedding": "Processed_embeddings/embeddings/62---A-28-Year-Old-Man-from-Ghana-With-a-Chron_2022_Clinical-Cases-in-Tropic_images.npy",
  "chunks": [
    {
      "id": 0,
      "text": "## images![ figure ](../ images / 6 2 --- a - 2 8 - year - old - man - from - ghana - with - a - chron _ 2 0 2 2 _ clinical - cases - in - tropic / 6 2 --- a - 2 8 - year - old - man - from - ghana - with - a - chron _ 2 0 2 2 _",
      "start_token": 0,
      "end_token": 77
    },
    {
      "id": 1,
      "text": "- a - chron _ 2 0 2 2 _ clinical - cases - in - tropic _ p 1 _ img 1. jpeg )![ figure ](../ images / 6 2 --- a - 2 8 - year - old - man - from - ghana - with - a - chron _ 2 0 2 2 _ clinical - cases - in - tropic / 6 2 --- a",
      "start_token": 67,
      "end_token": 144
    },
    {
      "id": 2,
      "text": "cases - in - tropic / 6 2 --- a - 2 8 - year - old - man - from - ghana - with - a - chron _ 2 0 2 2 _ clinical - cases - in - tropic _ p 2 _ img 1. jpeg )",
      "start_token": 134,
      "end_token": 186
    }
  ],
  "images": [
    "Processed/images/62---A-28-Year-Old-Man-from-Ghana-With-a-Chron_2022_Clinical-Cases-in-Tropic/62---A-28-Year-Old-Man-from-Ghana-With-a-Chron_2022_Clinical-Cases-in-Tropic_p1_img1.jpeg",
    "Processed/images/62---A-28-Year-Old-Man-from-Ghana-With-a-Chron_2022_Clinical-Cases-in-Tropic/62---A-28-Year-Old-Man-from-Ghana-With-a-Chron_2022_Clinical-Cases-in-Tropic_p2_img1.jpeg"
  ]
}