{
  "file": "64---A-40-Year-Old-Woman-from-Thailand-and-Her-Bro_2022_Clinical-Cases-in-Tr.md",
  "n_chunks": 2,
  "text_embedding": "Processed_embeddings/embeddings/64---A-40-Year-Old-Woman-from-Thailand-and-Her-Bro_2022_Clinical-Cases-in-Tr_text.npy",
  "image_embedding": "Processed_embeddings/embeddings/64---A-40-Year-Old-Woman-from-Thailand-and-Her-Bro_2022_Clinical-Cases-in-Tr_images.npy",
  "chunks": [
    {
      "id": 0,
      "text": "## images![ figure ](../ images / 6 4 --- a - 4 0 - year - old - woman - from - thailand - and - her - bro _ 2 0 2 2 _ clinical - cases - in - tr / 6 4 --- a - 4 0 - year - old - woman - from - thailand - and - her - bro _ 2 0 2 2 _",
      "start_token": 0,
      "end_token": 77
    },
    {
      "id": 1,
      "text": "- her - bro _ 2 0 2 2 _ clinical - cases - in - tr _ p 2 _ img 1. jpeg )",
      "start_token": 67,
      "end_token": 94
    }
  ],
  "images": [
    "Processed/images/64---A-40-Year-Old-Woman-from-Thailand-and-Her-Bro_2022_Clinical-Cases-in-Tr/64---A-40-Year-Old-Woman-from-Thailand-and-Her-Bro_2022_Clinical-Cases-in-Tr_p2_img1.jpeg"
  ]
}