{
  "file": "66---A-32-Year-Old-Man-from-Malawi-With-Pain-in-the-_2022_Clinical-Cases-in-.md",
  "n_chunks": 2,
  "text_embedding": "Processed_embeddings/embeddings/66---A-32-Year-Old-Man-from-Malawi-With-Pain-in-the-_2022_Clinical-Cases-in-_text.npy",
  "image_embedding": "Processed_embeddings/embeddings/66---A-32-Year-Old-Man-from-Malawi-With-Pain-in-the-_2022_Clinical-Cases-in-_images.npy",
  "chunks": [
    {
      "id": 0,
      "text": "## images![ figure ](../ images / 6 6 --- a - 3 2 - year - old - man - from - malawi - with - pain - in - the -_ 2 0 2 2 _ clinical - cases - in -/ 6 6 --- a - 3 2 - year - old - man - from - malawi - with - pain - in - the -_",
      "start_token": 0,
      "end_token": 77
    },
    {
      "id": 1,
      "text": "- with - pain - in - the -_ 2 0 2 2 _ clinical - cases - in -_ p 1 _ img 1. jpeg )",
      "start_token": 67,
      "end_token": 98
    }
  ],
  "images": [
    "Processed/images/66---A-32-Year-Old-Man-from-Malawi-With-Pain-in-the-_2022_Clinical-Cases-in-/66---A-32-Year-Old-Man-from-Malawi-With-Pain-in-the-_2022_Clinical-Cases-in-_p1_img1.jpeg"
  ]
}