{
  "file": "68---A-31-Year-Old-Woman-from-Malawi-With-a-Gene_2022_Clinical-Cases-in-Trop.md",
  "n_chunks": 3,
  "text_embedding": "Processed_embeddings/embeddings/68---A-31-Year-Old-Woman-from-Malawi-With-a-Gene_2022_Clinical-Cases-in-Trop_text.npy",
  "image_embedding": "Processed_embeddings/embeddings/68---A-31-Year-Old-Woman-from-Malawi-With-a-Gene_2022_Clinical-Cases-in-Trop_images.npy",
  "chunks": [
    {
      "id": 0,
      "text": "## images![ figure ](../ images / 6 8 --- a - 3 1 - year - old - woman - from - malawi - with - a - gene _ 2 0 2 2 _ clinical - cases - in - trop / 6 8 --- a - 3 1 - year - old - woman - from - malawi - with - a - gene _ 2 0 2 2 _",
      "start_token": 0,
      "end_token": 77
    },
    {
      "id": 1,
      "text": "- a - gene _ 2 0 2 2 _ clinical - cases - in - trop _ p 1 _ img 1. jpeg )![ figure ](../ images / 6 8 --- a - 3 1 - year - old - woman - from - malawi - with - a - gene _ 2 0 2 2 _ clinical - cases - in - trop / 6 8 --- a",
      "start_token": 67,
      "end_token": 144
    },
    {
      "id": 2,
      "text": "cases - in - trop / 6 8 --- a - 3 1 - year - old - woman - from - malawi - with - a - gene _ 2 0 2 2 _ clinical - cases - in - trop _ p 2 _ img 1. jpeg )",
      "start_token": 134,
      "end_token": 186
    }
  ],
  "images": [
    "Processed/images/68---A-31-Year-Old-Woman-from-Malawi-With-a-Gene_2022_Clinical-Cases-in-Trop/68---A-31-Year-Old-Woman-from-Malawi-With-a-Gene_2022_Clinical-Cases-in-Trop_p1_img1.jpeg",
    "Processed/images/68---A-31-Year-Old-Woman-from-Malawi-With-a-Gene_2022_Clinical-Cases-in-Trop/68---A-31-Year-Old-Woman-from-Malawi-With-a-Gene_2022_Clinical-Cases-in-Trop_p2_img1.jpeg"
  ]
}