{
  "file": "69---A-22-Year-Old-Male-Farmer-from-Rural-Ethiop_2022_Clinical-Cases-in-Trop.md",
  "n_chunks": 3,
  "text_embedding": "Processed_embeddings/embeddings/69---A-22-Year-Old-Male-Farmer-from-Rural-Ethiop_2022_Clinical-Cases-in-Trop_text.npy",
  "image_embedding": "Processed_embeddings/embeddings/69---A-22-Year-Old-Male-Farmer-from-Rural-Ethiop_2022_Clinical-Cases-in-Trop_images.npy",
  "chunks": [
    {
      "id": 0,
      "text": "## images![ figure ](../ images / 6 9 --- a - 2 2 - year - old - male - farmer - from - rural - ethiop _ 2 0 2 2 _ clinical - cases - in - trop / 6 9 --- a - 2 2 - year - old - male - farmer - from - rural - ethiop _ 2 0 2 2 _ clinical -",
      "start_token": 0,
      "end_token": 77
    },
    {
      "id": 1,
      "text": "ethiop _ 2 0 2 2 _ clinical - cases - in - trop _ p 1 _ img 1. jpeg )![ figure ](../ images / 6 9 --- a - 2 2 - year - old - male - farmer - from - rural - ethiop _ 2 0 2 2 _ clinical - cases - in - trop / 6 9 --- a - 2 2",
      "start_token": 67,
      "end_token": 144
    },
    {
      "id": 2,
      "text": "- trop / 6 9 --- a - 2 2 - year - old - male - farmer - from - rural - ethiop _ 2 0 2 2 _ clinical - cases - in - trop _ p 2 _ img 1. jpeg )",
      "start_token": 134,
      "end_token": 182
    }
  ],
  "images": [
    "Processed/images/69---A-22-Year-Old-Male-Farmer-from-Rural-Ethiop_2022_Clinical-Cases-in-Trop/69---A-22-Year-Old-Male-Farmer-from-Rural-Ethiop_2022_Clinical-Cases-in-Trop_p1_img1.jpeg",
    "Processed/images/69---A-22-Year-Old-Male-Farmer-from-Rural-Ethiop_2022_Clinical-Cases-in-Trop/69---A-22-Year-Old-Male-Farmer-from-Rural-Ethiop_2022_Clinical-Cases-in-Trop_p2_img1.jpeg"
  ]
}