{
  "file": "7---A-28-Year-Old-Male-Fisherman-from-Malawi-Wi_2022_Clinical-Cases-in-Tropi.md",
  "n_chunks": 3,
  "text_embedding": "Processed_embeddings/embeddings/7---A-28-Year-Old-Male-Fisherman-from-Malawi-Wi_2022_Clinical-Cases-in-Tropi_text.npy",
  "image_embedding": "Processed_embeddings/embeddings/7---A-28-Year-Old-Male-Fisherman-from-Malawi-Wi_2022_Clinical-Cases-in-Tropi_images.npy",
  "chunks": [
    {
      "id": 0,
      "text": "## images![ figure ](../ images / 7 --- a - 2 8 - year - old - male - fisherman - from - malawi - wi _ 2 0 2 2 _ clinical - cases - in - tropi / 7 --- a - 2 8 - year - old - male - fisherman - from - malawi - wi _ 2 0 2 2 _ clinical - cases - in",
      "start_token": 0,
      "end_token": 77
    },
    {
      "id": 1,
      "text": "2 0 2 2 _ clinical - cases - in - tropi _ p 1 _ img 1. jpeg )![ figure ](../ images / 7 --- a - 2 8 - year - old - male - fisherman - from - malawi - wi _ 2 0 2 2 _ clinical - cases - in - tropi / 7 --- a - 2 8 - year - old",
      "start_token": 67,
      "end_token": 144
    },
    {
      "id": 2,
      "text": "7 --- a - 2 8 - year - old - male - fisherman - from - malawi - wi _ 2 0 2 2 _ clinical - cases - in - tropi _ p 2 _ img 1. jpeg )",
      "start_token": 134,
      "end_token": 178
    }
  ],
  "images": [
    "Processed/images/7---A-28-Year-Old-Male-Fisherman-from-Malawi-Wi_2022_Clinical-Cases-in-Tropi/7---A-28-Year-Old-Male-Fisherman-from-Malawi-Wi_2022_Clinical-Cases-in-Tropi_p1_img1.jpeg",
    "Processed/images/7---A-28-Year-Old-Male-Fisherman-from-Malawi-Wi_2022_Clinical-Cases-in-Tropi/7---A-28-Year-Old-Male-Fisherman-from-Malawi-Wi_2022_Clinical-Cases-in-Tropi_p2_img1.jpeg"
  ]
}