{
  "file": "72---A-4-Year-Old-Boy-from-Mozambique-With-Sever_2022_Clinical-Cases-in-Trop.md",
  "n_chunks": 3,
  "text_embedding": "Processed_embeddings/embeddings/72---A-4-Year-Old-Boy-from-Mozambique-With-Sever_2022_Clinical-Cases-in-Trop_text.npy",
  "image_embedding": "Processed_embeddings/embeddings/72---A-4-Year-Old-Boy-from-Mozambique-With-Sever_2022_Clinical-Cases-in-Trop_images.npy",
  "chunks": [
    {
      "id": 0,
      "text": "## images![ figure ](../ images / 7 2 --- a - 4 - year - old - boy - from - mozambique - with - sever _ 2 0 2 2 _ clinical - cases - in - trop / 7 2 --- a - 4 - year - old - boy - from - mozambique - with - sever _ 2 0 2 2 _ clinical - cases - in -",
      "start_token": 0,
      "end_token": 77
    },
    {
      "id": 1,
      "text": "0 2 2 _ clinical - cases - in - trop _ p 1 _ img 1. jpeg )![ figure ](../ images / 7 2 --- a - 4 - year - old - boy - from - mozambique - with - sever _ 2 0 2 2 _ clinical - cases - in - trop / 7 2 --- a - 4 - year - old - boy -",
      "start_token": 67,
      "end_token": 144
    },
    {
      "id": 2,
      "text": "a - 4 - year - old - boy - from - mozambique - with - sever _ 2 0 2 2 _ clinical - cases - in - trop _ p 1 _ img 2. jpeg )",
      "start_token": 134,
      "end_token": 174
    }
  ],
  "images": [
    "Processed/images/72---A-4-Year-Old-Boy-from-Mozambique-With-Sever_2022_Clinical-Cases-in-Trop/72---A-4-Year-Old-Boy-from-Mozambique-With-Sever_2022_Clinical-Cases-in-Trop_p1_img1.jpeg",
    "Processed/images/72---A-4-Year-Old-Boy-from-Mozambique-With-Sever_2022_Clinical-Cases-in-Trop/72---A-4-Year-Old-Boy-from-Mozambique-With-Sever_2022_Clinical-Cases-in-Trop_p1_img2.jpeg"
  ]
}