{
  "file": "75---A-25-Year-Old-Woman-from-Zambia-With-a-N_2022_Clinical-Cases-in-Tropica.md",
  "n_chunks": 3,
  "text_embedding": "Processed_embeddings/embeddings/75---A-25-Year-Old-Woman-from-Zambia-With-a-N_2022_Clinical-Cases-in-Tropica_text.npy",
  "image_embedding": "Processed_embeddings/embeddings/75---A-25-Year-Old-Woman-from-Zambia-With-a-N_2022_Clinical-Cases-in-Tropica_images.npy",
  "chunks": [
    {
      "id": 0,
      "text": "## images![ figure ](../ images / 7 5 --- a - 2 5 - year - old - woman - from - zambia - with - a - n _ 2 0 2 2 _ clinical - cases - in - tropica / 7 5 --- a - 2 5 - year - old - woman - from - zambia - with - a - n _ 2 0 2 2",
      "start_token": 0,
      "end_token": 77
    },
    {
      "id": 1,
      "text": "with - a - n _ 2 0 2 2 _ clinical - cases - in - tropica _ p 2 _ img 1. jpeg )![ figure ](../ images / 7 5 --- a - 2 5 - year - old - woman - from - zambia - with - a - n _ 2 0 2 2 _ clinical - cases - in - tropica / 7",
      "start_token": 67,
      "end_token": 144
    },
    {
      "id": 2,
      "text": "clinical - cases - in - tropica / 7 5 --- a - 2 5 - year - old - woman - from - zambia - with - a - n _ 2 0 2 2 _ clinical - cases - in - tropica _ p 2 _ img 2. jpeg )",
      "start_token": 134,
      "end_token": 190
    }
  ],
  "images": [
    "Processed/images/75---A-25-Year-Old-Woman-from-Zambia-With-a-N_2022_Clinical-Cases-in-Tropica/75---A-25-Year-Old-Woman-from-Zambia-With-a-N_2022_Clinical-Cases-in-Tropica_p2_img1.jpeg",
    "Processed/images/75---A-25-Year-Old-Woman-from-Zambia-With-a-N_2022_Clinical-Cases-in-Tropica/75---A-25-Year-Old-Woman-from-Zambia-With-a-N_2022_Clinical-Cases-in-Tropica_p2_img2.jpeg"
  ]
}