{
  "file": "76---A-55-Year-Old-Woman-from-Turkey-With-Feve_2022_Clinical-Cases-in-Tropic.md",
  "n_chunks": 2,
  "text_embedding": "Processed_embeddings/embeddings/76---A-55-Year-Old-Woman-from-Turkey-With-Feve_2022_Clinical-Cases-in-Tropic_text.npy",
  "image_embedding": "Processed_embeddings/embeddings/76---A-55-Year-Old-Woman-from-Turkey-With-Feve_2022_Clinical-Cases-in-Tropic_images.npy",
  "chunks": [
    {
      "id": 0,
      "text": "## images![ figure ](../ images / 7 6 --- a - 5 5 - year - old - woman - from - turkey - with - feve _ 2 0 2 2 _ clinical - cases - in - tropic / 7 6 --- a - 5 5 - year - old - woman - from - turkey - with - feve _ 2 0 2 2 _ clinical -",
      "start_token": 0,
      "end_token": 77
    },
    {
      "id": 1,
      "text": "feve _ 2 0 2 2 _ clinical - cases - in - tropic _ p 2 _ img 1. jpeg )",
      "start_token": 67,
      "end_token": 92
    }
  ],
  "images": [
    "Processed/images/76---A-55-Year-Old-Woman-from-Turkey-With-Feve_2022_Clinical-Cases-in-Tropic/76---A-55-Year-Old-Woman-from-Turkey-With-Feve_2022_Clinical-Cases-in-Tropic_p2_img1.jpeg"
  ]
}