{
  "file": "77---A-51-Year-Old-Female-Traveller-Returning-from-Cen_2022_Clinical-Cases-i.md",
  "n_chunks": 3,
  "text_embedding": "Processed_embeddings/embeddings/77---A-51-Year-Old-Female-Traveller-Returning-from-Cen_2022_Clinical-Cases-i_text.npy",
  "image_embedding": "Processed_embeddings/embeddings/77---A-51-Year-Old-Female-Traveller-Returning-from-Cen_2022_Clinical-Cases-i_images.npy",
  "chunks": [
    {
      "id": 0,
      "text": "## images![ figure ](../ images / 7 7 --- a - 5 1 - year - old - female - traveller - returning - from - cen _ 2 0 2 2 _ clinical - cases - i / 7 7 --- a - 5 1 - year - old - female - traveller - returning - from - cen _ 2 0 2 2 _ clinical - cases - i _",
      "start_token": 0,
      "end_token": 77
    },
    {
      "id": 1,
      "text": "0 2 2 _ clinical - cases - i _ p 1 _ img 1. jpeg )![ figure ](../ images / 7 7 --- a - 5 1 - year - old - female - traveller - returning - from - cen _ 2 0 2 2 _ clinical - cases - i / 7 7 --- a - 5 1 - year - old - female - traveller -",
      "start_token": 67,
      "end_token": 144
    },
    {
      "id": 2,
      "text": "1 - year - old - female - traveller - returning - from - cen _ 2 0 2 2 _ clinical - cases - i _ p 2 _ img 1. jpeg )",
      "start_token": 134,
      "end_token": 170
    }
  ],
  "images": [
    "Processed/images/77---A-51-Year-Old-Female-Traveller-Returning-from-Cen_2022_Clinical-Cases-i/77---A-51-Year-Old-Female-Traveller-Returning-from-Cen_2022_Clinical-Cases-i_p1_img1.jpeg",
    "Processed/images/77---A-51-Year-Old-Female-Traveller-Returning-from-Cen_2022_Clinical-Cases-i/77---A-51-Year-Old-Female-Traveller-Returning-from-Cen_2022_Clinical-Cases-i_p2_img1.jpeg"
  ]
}