{
  "file": "78---A-42-Year-Old-British-Man-Living-in-Malawi_2022_Clinical-Cases-in-Tropi.md",
  "n_chunks": 3,
  "text_embedding": "Processed_embeddings/embeddings/78---A-42-Year-Old-British-Man-Living-in-Malawi_2022_Clinical-Cases-in-Tropi_text.npy",
  "image_embedding": "Processed_embeddings/embeddings/78---A-42-Year-Old-British-Man-Living-in-Malawi_2022_Clinical-Cases-in-Tropi_images.npy",
  "chunks": [
    {
      "id": 0,
      "text": "## images![ figure ](../ images / 7 8 --- a - 4 2 - year - old - british - man - living - in - malawi _ 2 0 2 2 _ clinical - cases - in - tropi / 7 8 --- a - 4 2 - year - old - british - man - living - in - malawi _ 2 0 2 2 _ clinical - cases",
      "start_token": 0,
      "end_token": 77
    },
    {
      "id": 1,
      "text": "malawi _ 2 0 2 2 _ clinical - cases - in - tropi _ p 1 _ img 1. jpeg )![ figure ](../ images / 7 8 --- a - 4 2 - year - old - british - man - living - in - malawi _ 2 0 2 2 _ clinical - cases - in - tropi / 7 8 --- a - 4 2",
      "start_token": 67,
      "end_token": 144
    },
    {
      "id": 2,
      "text": "tropi / 7 8 --- a - 4 2 - year - old - british - man - living - in - malawi _ 2 0 2 2 _ clinical - cases - in - tropi _ p 2 _ img 1. jpeg )",
      "start_token": 134,
      "end_token": 182
    }
  ],
  "images": [
    "Processed/images/78---A-42-Year-Old-British-Man-Living-in-Malawi_2022_Clinical-Cases-in-Tropi/78---A-42-Year-Old-British-Man-Living-in-Malawi_2022_Clinical-Cases-in-Tropi_p1_img1.jpeg",
    "Processed/images/78---A-42-Year-Old-British-Man-Living-in-Malawi_2022_Clinical-Cases-in-Tropi/78---A-42-Year-Old-British-Man-Living-in-Malawi_2022_Clinical-Cases-in-Tropi_p2_img1.jpeg"
  ]
}