{
  "file": "79---A-34-Year-Old-Male-Immigrant-from-Peru-With-Ch_2022_Clinical-Cases-in-T.md",
  "n_chunks": 3,
  "text_embedding": "Processed_embeddings/embeddings/79---A-34-Year-Old-Male-Immigrant-from-Peru-With-Ch_2022_Clinical-Cases-in-T_text.npy",
  "image_embedding": "Processed_embeddings/embeddings/79---A-34-Year-Old-Male-Immigrant-from-Peru-With-Ch_2022_Clinical-Cases-in-T_images.npy",
  "chunks": [
    {
      "id": 0,
      "text": "## images![ figure ](../ images / 7 9 --- a - 3 4 - year - old - male - immigrant - from - peru - with - ch _ 2 0 2 2 _ clinical - cases - in - t / 7 9 --- a - 3 4 - year - old - male - immigrant - from - peru - with - ch _ 2 0 2 2 _",
      "start_token": 0,
      "end_token": 77
    },
    {
      "id": 1,
      "text": "- with - ch _ 2 0 2 2 _ clinical - cases - in - t _ p 1 _ img 1. jpeg )![ figure ](../ images / 7 9 --- a - 3 4 - year - old - male - immigrant - from - peru - with - ch _ 2 0 2 2 _ clinical - cases - in - t / 7 9 --- a",
      "start_token": 67,
      "end_token": 144
    },
    {
      "id": 2,
      "text": "cases - in - t / 7 9 --- a - 3 4 - year - old - male - immigrant - from - peru - with - ch _ 2 0 2 2 _ clinical - cases - in - t _ p 2 _ img 1. jpeg )",
      "start_token": 134,
      "end_token": 186
    }
  ],
  "images": [
    "Processed/images/79---A-34-Year-Old-Male-Immigrant-from-Peru-With-Ch_2022_Clinical-Cases-in-T/79---A-34-Year-Old-Male-Immigrant-from-Peru-With-Ch_2022_Clinical-Cases-in-T_p1_img1.jpeg",
    "Processed/images/79---A-34-Year-Old-Male-Immigrant-from-Peru-With-Ch_2022_Clinical-Cases-in-T/79---A-34-Year-Old-Male-Immigrant-from-Peru-With-Ch_2022_Clinical-Cases-in-T_p2_img1.jpeg"
  ]
}