{
  "file": "8---A-26-Year-Old-Female-Traveller-Returning-from_2022_Clinical-Cases-in-Tro.md",
  "n_chunks": 3,
  "text_embedding": "Processed_embeddings/embeddings/8---A-26-Year-Old-Female-Traveller-Returning-from_2022_Clinical-Cases-in-Tro_text.npy",
  "image_embedding": "Processed_embeddings/embeddings/8---A-26-Year-Old-Female-Traveller-Returning-from_2022_Clinical-Cases-in-Tro_images.npy",
  "chunks": [
    {
      "id": 0,
      "text": "## images![ figure ](../ images / 8 --- a - 2 6 - year - old - female - traveller - returning - from _ 2 0 2 2 _ clinical - cases - in - tro / 8 --- a - 2 6 - year - old - female - traveller - returning - from _ 2 0 2 2 _ clinical - cases - in - tro _ p 1",
      "start_token": 0,
      "end_token": 77
    },
    {
      "id": 1,
      "text": "clinical - cases - in - tro _ p 1 _ img 1. jpeg )![ figure ](../ images / 8 --- a - 2 6 - year - old - female - traveller - returning - from _ 2 0 2 2 _ clinical - cases - in - tro / 8 --- a - 2 6 - year - old - female - traveller - returning - from _",
      "start_token": 67,
      "end_token": 144
    },
    {
      "id": 2,
      "text": "old - female - traveller - returning - from _ 2 0 2 2 _ clinical - cases - in - tro _ p 2 _ img 1. jpeg )",
      "start_token": 134,
      "end_token": 166
    }
  ],
  "images": [
    "Processed/images/8---A-26-Year-Old-Female-Traveller-Returning-from_2022_Clinical-Cases-in-Tro/8---A-26-Year-Old-Female-Traveller-Returning-from_2022_Clinical-Cases-in-Tro_p1_img1.jpeg",
    "Processed/images/8---A-26-Year-Old-Female-Traveller-Returning-from_2022_Clinical-Cases-in-Tro/8---A-26-Year-Old-Female-Traveller-Returning-from_2022_Clinical-Cases-in-Tro_p2_img1.jpeg"
  ]
}