{
  "file": "80---A-62-Year-Old-Man-from-Thailand-With-a_2022_Clinical-Cases-in-Tropical-.md",
  "n_chunks": 3,
  "text_embedding": "Processed_embeddings/embeddings/80---A-62-Year-Old-Man-from-Thailand-With-a_2022_Clinical-Cases-in-Tropical-_text.npy",
  "image_embedding": "Processed_embeddings/embeddings/80---A-62-Year-Old-Man-from-Thailand-With-a_2022_Clinical-Cases-in-Tropical-_images.npy",
  "chunks": [
    {
      "id": 0,
      "text": "## images![ figure ](../ images / 8 0 --- a - 6 2 - year - old - man - from - thailand - with - a _ 2 0 2 2 _ clinical - cases - in - tropical -/ 8 0 --- a - 6 2 - year - old - man - from - thailand - with - a _ 2 0 2 2 _ clinical - cases",
      "start_token": 0,
      "end_token": 77
    },
    {
      "id": 1,
      "text": "a _ 2 0 2 2 _ clinical - cases - in - tropical -_ p 2 _ img 1. jpeg )![ figure ](../ images / 8 0 --- a - 6 2 - year - old - man - from - thailand - with - a _ 2 0 2 2 _ clinical - cases - in - tropical -/ 8 0 --- a - 6 2",
      "start_token": 67,
      "end_token": 144
    },
    {
      "id": 2,
      "text": "tropical -/ 8 0 --- a - 6 2 - year - old - man - from - thailand - with - a _ 2 0 2 2 _ clinical - cases - in - tropical -_ p 2 _ img 2. jpeg )",
      "start_token": 134,
      "end_token": 182
    }
  ],
  "images": [
    "Processed/images/80---A-62-Year-Old-Man-from-Thailand-With-a_2022_Clinical-Cases-in-Tropical-/80---A-62-Year-Old-Man-from-Thailand-With-a_2022_Clinical-Cases-in-Tropical-_p2_img1.jpeg",
    "Processed/images/80---A-62-Year-Old-Man-from-Thailand-With-a_2022_Clinical-Cases-in-Tropical-/80---A-62-Year-Old-Man-from-Thailand-With-a_2022_Clinical-Cases-in-Tropical-_p2_img2.jpeg"
  ]
}