{
  "file": "82---A-31-Year-Old-Man-from-Guatemala-With-Acute-_2022_Clinical-Cases-in-Tro.md",
  "n_chunks": 3,
  "text_embedding": "Processed_embeddings/embeddings/82---A-31-Year-Old-Man-from-Guatemala-With-Acute-_2022_Clinical-Cases-in-Tro_text.npy",
  "image_embedding": "Processed_embeddings/embeddings/82---A-31-Year-Old-Man-from-Guatemala-With-Acute-_2022_Clinical-Cases-in-Tro_images.npy",
  "chunks": [
    {
      "id": 0,
      "text": "## images![ figure ](../ images / 8 2 --- a - 3 1 - year - old - man - from - guatemala - with - acute -_ 2 0 2 2 _ clinical - cases - in - tro / 8 2 --- a - 3 1 - year - old - man - from - guatemala - with - acute -_ 2 0 2 2 _ clinical -",
      "start_token": 0,
      "end_token": 77
    },
    {
      "id": 1,
      "text": "acute -_ 2 0 2 2 _ clinical - cases - in - tro _ p 1 _ img 1. jpeg )![ figure ](../ images / 8 2 --- a - 3 1 - year - old - man - from - guatemala - with - acute -_ 2 0 2 2 _ clinical - cases - in - tro / 8 2 --- a - 3 1",
      "start_token": 67,
      "end_token": 144
    },
    {
      "id": 2,
      "text": "- tro / 8 2 --- a - 3 1 - year - old - man - from - guatemala - with - acute -_ 2 0 2 2 _ clinical - cases - in - tro _ p 2 _ img 1. jpeg )",
      "start_token": 134,
      "end_token": 182
    }
  ],
  "images": [
    "Processed/images/82---A-31-Year-Old-Man-from-Guatemala-With-Acute-_2022_Clinical-Cases-in-Tro/82---A-31-Year-Old-Man-from-Guatemala-With-Acute-_2022_Clinical-Cases-in-Tro_p1_img1.jpeg",
    "Processed/images/82---A-31-Year-Old-Man-from-Guatemala-With-Acute-_2022_Clinical-Cases-in-Tro/82---A-31-Year-Old-Man-from-Guatemala-With-Acute-_2022_Clinical-Cases-in-Tro_p2_img1.jpeg"
  ]
}