{
  "file": "83---An-18-Year-Old-Man-from-India-With-a-Pale-P_2022_Clinical-Cases-in-Trop.md",
  "n_chunks": 2,
  "text_embedding": "Processed_embeddings/embeddings/83---An-18-Year-Old-Man-from-India-With-a-Pale-P_2022_Clinical-Cases-in-Trop_text.npy",
  "image_embedding": "Processed_embeddings/embeddings/83---An-18-Year-Old-Man-from-India-With-a-Pale-P_2022_Clinical-Cases-in-Trop_images.npy",
  "chunks": [
    {
      "id": 0,
      "text": "## images![ figure ](../ images / 8 3 --- an - 1 8 - year - old - man - from - india - with - a - pale - p _ 2 0 2 2 _ clinical - cases - in - trop / 8 3 --- an - 1 8 - year - old - man - from - india - with - a - pale - p _ 2",
      "start_token": 0,
      "end_token": 77
    },
    {
      "id": 1,
      "text": "- with - a - pale - p _ 2 0 2 2 _ clinical - cases - in - trop _ p 1 _ img 1. jpeg )",
      "start_token": 67,
      "end_token": 98
    }
  ],
  "images": [
    "Processed/images/83---An-18-Year-Old-Man-from-India-With-a-Pale-P_2022_Clinical-Cases-in-Trop/83---An-18-Year-Old-Man-from-India-With-a-Pale-P_2022_Clinical-Cases-in-Trop_p1_img1.jpeg"
  ]
}