{
  "file": "85---A-55-Year-Old-Female-Pig-Farmer-from-Vietnam-_2022_Clinical-Cases-in-Tr.md",
  "n_chunks": 3,
  "text_embedding": "Processed_embeddings/embeddings/85---A-55-Year-Old-Female-Pig-Farmer-from-Vietnam-_2022_Clinical-Cases-in-Tr_text.npy",
  "image_embedding": "Processed_embeddings/embeddings/85---A-55-Year-Old-Female-Pig-Farmer-from-Vietnam-_2022_Clinical-Cases-in-Tr_images.npy",
  "chunks": [
    {
      "id": 0,
      "text": "## images![ figure ](../ images / 8 5 --- a - 5 5 - year - old - female - pig - farmer - from - vietnam -_ 2 0 2 2 _ clinical - cases - in - tr / 8 5 --- a - 5 5 - year - old - female - pig - farmer - from - vietnam -_ 2 0 2 2 _ clinical -",
      "start_token": 0,
      "end_token": 77
    },
    {
      "id": 1,
      "text": "vietnam -_ 2 0 2 2 _ clinical - cases - in - tr _ p 1 _ img 1. jpeg )![ figure ](../ images / 8 5 --- a - 5 5 - year - old - female - pig - farmer - from - vietnam -_ 2 0 2 2 _ clinical - cases - in - tr / 8 5 --- a - 5 5",
      "start_token": 67,
      "end_token": 144
    },
    {
      "id": 2,
      "text": "- tr / 8 5 --- a - 5 5 - year - old - female - pig - farmer - from - vietnam -_ 2 0 2 2 _ clinical - cases - in - tr _ p 1 _ img 2. jpeg )",
      "start_token": 134,
      "end_token": 182
    }
  ],
  "images": [
    "Processed/images/85---A-55-Year-Old-Female-Pig-Farmer-from-Vietnam-_2022_Clinical-Cases-in-Tr/85---A-55-Year-Old-Female-Pig-Farmer-from-Vietnam-_2022_Clinical-Cases-in-Tr_p1_img1.jpeg",
    "Processed/images/85---A-55-Year-Old-Female-Pig-Farmer-from-Vietnam-_2022_Clinical-Cases-in-Tr/85---A-55-Year-Old-Female-Pig-Farmer-from-Vietnam-_2022_Clinical-Cases-in-Tr_p1_img2.jpeg"
  ]
}