{
  "file": "86---A-14-Year-Old-Girl-in-the-Solomon-Islands-W_2022_Clinical-Cases-in-Trop.md",
  "n_chunks": 2,
  "text_embedding": "Processed_embeddings/embeddings/86---A-14-Year-Old-Girl-in-the-Solomon-Islands-W_2022_Clinical-Cases-in-Trop_text.npy",
  "image_embedding": "Processed_embeddings/embeddings/86---A-14-Year-Old-Girl-in-the-Solomon-Islands-W_2022_Clinical-Cases-in-Trop_images.npy",
  "chunks": [
    {
      "id": 0,
      "text": "## images![ figure ](../ images / 8 6 --- a - 1 4 - year - old - girl - in - the - solomon - islands - w _ 2 0 2 2 _ clinical - cases - in - trop / 8 6 --- a - 1 4 - year - old - girl - in - the - solomon - islands - w _ 2 0 2 2 _",
      "start_token": 0,
      "end_token": 77
    },
    {
      "id": 1,
      "text": "- islands - w _ 2 0 2 2 _ clinical - cases - in - trop _ p 1 _ img 1. jpeg )",
      "start_token": 67,
      "end_token": 94
    }
  ],
  "images": [
    "Processed/images/86---A-14-Year-Old-Girl-in-the-Solomon-Islands-W_2022_Clinical-Cases-in-Trop/86---A-14-Year-Old-Girl-in-the-Solomon-Islands-W_2022_Clinical-Cases-in-Trop_p1_img1.jpeg"
  ]
}