{
  "file": "89---A-30-Year-Old-Woman-from-Bolivia-With-Ex_2022_Clinical-Cases-in-Tropica.md",
  "n_chunks": 3,
  "text_embedding": "Processed_embeddings/embeddings/89---A-30-Year-Old-Woman-from-Bolivia-With-Ex_2022_Clinical-Cases-in-Tropica_text.npy",
  "image_embedding": "Processed_embeddings/embeddings/89---A-30-Year-Old-Woman-from-Bolivia-With-Ex_2022_Clinical-Cases-in-Tropica_images.npy",
  "chunks": [
    {
      "id": 0,
      "text": "## images![ figure ](../ images / 8 9 --- a - 3 0 - year - old - woman - from - bolivia - with - ex _ 2 0 2 2 _ clinical - cases - in - tropica / 8 9 --- a - 3 0 - year - old - woman - from - bolivia - with - ex _ 2 0 2 2 _ clinical - cases",
      "start_token": 0,
      "end_token": 77
    },
    {
      "id": 1,
      "text": "ex _ 2 0 2 2 _ clinical - cases - in - tropica _ p 2 _ img 1. jpeg )![ figure ](../ images / 8 9 --- a - 3 0 - year - old - woman - from - bolivia - with - ex _ 2 0 2 2 _ clinical - cases - in - tropica / 8 9 --- a - 3 0",
      "start_token": 67,
      "end_token": 144
    },
    {
      "id": 2,
      "text": "tropica / 8 9 --- a - 3 0 - year - old - woman - from - bolivia - with - ex _ 2 0 2 2 _ clinical - cases - in - tropica _ p 2 _ img 2. jpeg )",
      "start_token": 134,
      "end_token": 182
    }
  ],
  "images": [
    "Processed/images/89---A-30-Year-Old-Woman-from-Bolivia-With-Ex_2022_Clinical-Cases-in-Tropica/89---A-30-Year-Old-Woman-from-Bolivia-With-Ex_2022_Clinical-Cases-in-Tropica_p2_img1.jpeg",
    "Processed/images/89---A-30-Year-Old-Woman-from-Bolivia-With-Ex_2022_Clinical-Cases-in-Tropica/89---A-30-Year-Old-Woman-from-Bolivia-With-Ex_2022_Clinical-Cases-in-Tropica_p2_img2.jpeg"
  ]
}