{
  "file": "92---A-42-Year-Old-Traveller-Returning-from-Thaila_2022_Clinical-Cases-in-Tr.md",
  "n_chunks": 3,
  "text_embedding": "Processed_embeddings/embeddings/92---A-42-Year-Old-Traveller-Returning-from-Thaila_2022_Clinical-Cases-in-Tr_text.npy",
  "image_embedding": "Processed_embeddings/embeddings/92---A-42-Year-Old-Traveller-Returning-from-Thaila_2022_Clinical-Cases-in-Tr_images.npy",
  "chunks": [
    {
      "id": 0,
      "text": "## images![ figure ](../ images / 9 2 --- a - 4 2 - year - old - traveller - returning - from - thaila _ 2 0 2 2 _ clinical - cases - in - tr / 9 2 --- a - 4 2 - year - old - traveller - returning - from - thaila _ 2 0 2 2 _ clinical - cases - in -",
      "start_token": 0,
      "end_token": 77
    },
    {
      "id": 1,
      "text": "0 2 2 _ clinical - cases - in - tr _ p 2 _ img 1. jpeg )![ figure ](../ images / 9 2 --- a - 4 2 - year - old - traveller - returning - from - thaila _ 2 0 2 2 _ clinical - cases - in - tr / 9 2 --- a - 4 2 - year - old - traveller",
      "start_token": 67,
      "end_token": 144
    },
    {
      "id": 2,
      "text": "a - 4 2 - year - old - traveller - returning - from - thaila _ 2 0 2 2 _ clinical - cases - in - tr _ p 2 _ img 2. jpeg )",
      "start_token": 134,
      "end_token": 174
    }
  ],
  "images": [
    "Processed/images/92---A-42-Year-Old-Traveller-Returning-from-Thaila_2022_Clinical-Cases-in-Tr/92---A-42-Year-Old-Traveller-Returning-from-Thaila_2022_Clinical-Cases-in-Tr_p2_img1.jpeg",
    "Processed/images/92---A-42-Year-Old-Traveller-Returning-from-Thaila_2022_Clinical-Cases-in-Tr/92---A-42-Year-Old-Traveller-Returning-from-Thaila_2022_Clinical-Cases-in-Tr_p2_img2.jpeg"
  ]
}