{
  "file": "94---A-20-Year-Old-Woman-from-the-Democratic-Republic-_2022_Clinical-Cases-i.md",
  "n_chunks": 3,
  "text_embedding": "Processed_embeddings/embeddings/94---A-20-Year-Old-Woman-from-the-Democratic-Republic-_2022_Clinical-Cases-i_text.npy",
  "image_embedding": "Processed_embeddings/embeddings/94---A-20-Year-Old-Woman-from-the-Democratic-Republic-_2022_Clinical-Cases-i_images.npy",
  "chunks": [
    {
      "id": 0,
      "text": "## images![ figure ](../ images / 9 4 --- a - 2 0 - year - old - woman - from - the - democratic - republic -_ 2 0 2 2 _ clinical - cases - i / 9 4 --- a - 2 0 - year - old - woman - from - the - democratic - republic -_ 2 0 2 2 _ clinical - cases -",
      "start_token": 0,
      "end_token": 77
    },
    {
      "id": 1,
      "text": "_ 2 0 2 2 _ clinical - cases - i _ p 1 _ img 1. jpeg )![ figure ](../ images / 9 4 --- a - 2 0 - year - old - woman - from - the - democratic - republic -_ 2 0 2 2 _ clinical - cases - i / 9 4 --- a - 2 0 - year - old - woman",
      "start_token": 67,
      "end_token": 144
    },
    {
      "id": 2,
      "text": "a - 2 0 - year - old - woman - from - the - democratic - republic -_ 2 0 2 2 _ clinical - cases - i _ p 3 _ img 1. jpeg )",
      "start_token": 134,
      "end_token": 174
    }
  ],
  "images": [
    "Processed/images/94---A-20-Year-Old-Woman-from-the-Democratic-Republic-_2022_Clinical-Cases-i/94---A-20-Year-Old-Woman-from-the-Democratic-Republic-_2022_Clinical-Cases-i_p1_img1.jpeg",
    "Processed/images/94---A-20-Year-Old-Woman-from-the-Democratic-Republic-_2022_Clinical-Cases-i/94---A-20-Year-Old-Woman-from-the-Democratic-Republic-_2022_Clinical-Cases-i_p3_img1.jpeg"
  ]
}